,home_image_no,home_image_url,home_no
0,0,home_image_url,0
1,1,home_image_url,1
2,2,home_image_url,2
3,3,home_image_url,3
4,4,home_image_url,4
5,5,home_image_url,5
6,6,home_image_url,6
7,7,home_image_url,7
8,8,home_image_url,8
9,9,home_image_url,9
10,10,home_image_url,10
11,11,home_image_url,11
12,12,home_image_url,12
13,13,home_image_url,13
14,14,home_image_url,14
15,15,home_image_url,15
16,16,home_image_url,16
17,17,home_image_url,17
18,18,home_image_url,18
19,19,home_image_url,19
20,20,home_image_url,20
21,21,home_image_url,21
22,22,home_image_url,22
23,23,home_image_url,23
24,24,home_image_url,24
25,25,home_image_url,25
26,26,home_image_url,26
27,27,home_image_url,27
28,28,home_image_url,28
29,29,home_image_url,29
30,30,home_image_url,30
31,31,home_image_url,31
32,32,home_image_url,32
33,33,home_image_url,33
34,34,home_image_url,34
35,35,home_image_url,35
36,36,home_image_url,36
37,37,home_image_url,37
38,38,home_image_url,38
39,39,home_image_url,39
40,40,home_image_url,40
41,41,home_image_url,41
42,42,home_image_url,42
43,43,home_image_url,43
44,44,home_image_url,44
45,45,home_image_url,45
46,46,home_image_url,46
47,47,home_image_url,47
48,48,home_image_url,48
49,49,home_image_url,49
50,50,home_image_url,50
51,51,home_image_url,51
52,52,home_image_url,52
53,53,home_image_url,53
54,54,home_image_url,54
55,55,home_image_url,55
56,56,home_image_url,56
57,57,home_image_url,57
58,58,home_image_url,58
59,59,home_image_url,59
60,60,home_image_url,60
61,61,home_image_url,61
62,62,home_image_url,62
63,63,home_image_url,63
64,64,home_image_url,64
65,65,home_image_url,65
66,66,home_image_url,66
67,67,home_image_url,67
68,68,home_image_url,68
69,69,home_image_url,69
70,70,home_image_url,70
71,71,home_image_url,71
72,72,home_image_url,72
73,73,home_image_url,73
74,74,home_image_url,74
75,75,home_image_url,75
76,76,home_image_url,76
77,77,home_image_url,77
78,78,home_image_url,78
79,79,home_image_url,79
80,80,home_image_url,80
81,81,home_image_url,81
82,82,home_image_url,82
83,83,home_image_url,83
84,84,home_image_url,84
85,85,home_image_url,85
86,86,home_image_url,86
87,87,home_image_url,87
88,88,home_image_url,88
89,89,home_image_url,89
90,90,home_image_url,90
91,91,home_image_url,91
92,92,home_image_url,92
93,93,home_image_url,93
94,94,home_image_url,94
95,95,home_image_url,95
96,96,home_image_url,96
97,97,home_image_url,97
98,98,home_image_url,98
99,99,home_image_url,99
100,100,home_image_url,100
101,101,home_image_url,101
102,102,home_image_url,102
103,103,home_image_url,103
104,104,home_image_url,104
105,105,home_image_url,105
106,106,home_image_url,106
107,107,home_image_url,107
108,108,home_image_url,108
109,109,home_image_url,109
110,110,home_image_url,110
111,111,home_image_url,111
112,112,home_image_url,112
113,113,home_image_url,113
114,114,home_image_url,114
115,115,home_image_url,115
116,116,home_image_url,116
117,117,home_image_url,117
118,118,home_image_url,118
119,119,home_image_url,119
120,120,home_image_url,120
121,121,home_image_url,121
122,122,home_image_url,122
123,123,home_image_url,123
124,124,home_image_url,124
125,125,home_image_url,125
126,126,home_image_url,126
127,127,home_image_url,127
128,128,home_image_url,128
129,129,home_image_url,129
130,130,home_image_url,130
131,131,home_image_url,131
132,132,home_image_url,132
133,133,home_image_url,133
134,134,home_image_url,134
135,135,home_image_url,135
136,136,home_image_url,136
137,137,home_image_url,137
138,138,home_image_url,138
139,139,home_image_url,139
140,140,home_image_url,140
141,141,home_image_url,141
142,142,home_image_url,142
143,143,home_image_url,143
144,144,home_image_url,144
145,145,home_image_url,145
146,146,home_image_url,146
147,147,home_image_url,147
148,148,home_image_url,148
149,149,home_image_url,149
150,150,home_image_url,150
151,151,home_image_url,151
152,152,home_image_url,152
153,153,home_image_url,153
154,154,home_image_url,154
155,155,home_image_url,155
156,156,home_image_url,156
157,157,home_image_url,157
158,158,home_image_url,158
159,159,home_image_url,159
160,160,home_image_url,160
161,161,home_image_url,161
162,162,home_image_url,162
163,163,home_image_url,163
164,164,home_image_url,164
165,165,home_image_url,165
166,166,home_image_url,166
167,167,home_image_url,167
168,168,home_image_url,168
169,169,home_image_url,169
170,170,home_image_url,170
171,171,home_image_url,171
172,172,home_image_url,172
173,173,home_image_url,173
174,174,home_image_url,174
175,175,home_image_url,175
176,176,home_image_url,176
177,177,home_image_url,177
178,178,home_image_url,178
179,179,home_image_url,179
180,180,home_image_url,180
181,181,home_image_url,181
182,182,home_image_url,182
183,183,home_image_url,183
184,184,home_image_url,184
185,185,home_image_url,185
186,186,home_image_url,186
187,187,home_image_url,187
188,188,home_image_url,188
189,189,home_image_url,189
190,190,home_image_url,190
191,191,home_image_url,191
192,192,home_image_url,192
193,193,home_image_url,193
194,194,home_image_url,194
195,195,home_image_url,195
196,196,home_image_url,196
197,197,home_image_url,197
198,198,home_image_url,198
199,199,home_image_url,199
200,200,home_image_url,200
201,201,home_image_url,201
202,202,home_image_url,202
203,203,home_image_url,203
204,204,home_image_url,204
205,205,home_image_url,205
206,206,home_image_url,206
207,207,home_image_url,207
208,208,home_image_url,208
209,209,home_image_url,209
210,210,home_image_url,210
211,211,home_image_url,211
212,212,home_image_url,212
213,213,home_image_url,213
214,214,home_image_url,214
215,215,home_image_url,215
216,216,home_image_url,216
217,217,home_image_url,217
218,218,home_image_url,218
219,219,home_image_url,219
220,220,home_image_url,220
221,221,home_image_url,221
222,222,home_image_url,222
223,223,home_image_url,223
224,224,home_image_url,224
225,225,home_image_url,225
226,226,home_image_url,226
227,227,home_image_url,227
228,228,home_image_url,228
229,229,home_image_url,229
230,230,home_image_url,230
231,231,home_image_url,231
232,232,home_image_url,232
233,233,home_image_url,233
234,234,home_image_url,234
235,235,home_image_url,235
236,236,home_image_url,236
237,237,home_image_url,237
238,238,home_image_url,238
239,239,home_image_url,239
240,240,home_image_url,240
241,241,home_image_url,241
242,242,home_image_url,242
243,243,home_image_url,243
244,244,home_image_url,244
245,245,home_image_url,245
246,246,home_image_url,246
247,247,home_image_url,247
248,248,home_image_url,248
249,249,home_image_url,249
250,250,home_image_url,250
251,251,home_image_url,251
252,252,home_image_url,252
253,253,home_image_url,253
254,254,home_image_url,254
255,255,home_image_url,255
256,256,home_image_url,256
257,257,home_image_url,257
258,258,home_image_url,258
259,259,home_image_url,259
260,260,home_image_url,260
261,261,home_image_url,261
262,262,home_image_url,262
263,263,home_image_url,263
264,264,home_image_url,264
265,265,home_image_url,265
266,266,home_image_url,266
267,267,home_image_url,267
268,268,home_image_url,268
269,269,home_image_url,269
270,270,home_image_url,270
271,271,home_image_url,271
272,272,home_image_url,272
273,273,home_image_url,273
274,274,home_image_url,274
275,275,home_image_url,275
276,276,home_image_url,276
277,277,home_image_url,277
278,278,home_image_url,278
279,279,home_image_url,279
280,280,home_image_url,280
281,281,home_image_url,281
282,282,home_image_url,282
283,283,home_image_url,283
284,284,home_image_url,284
285,285,home_image_url,285
286,286,home_image_url,286
287,287,home_image_url,287
288,288,home_image_url,288
289,289,home_image_url,289
290,290,home_image_url,290
291,291,home_image_url,291
292,292,home_image_url,292
293,293,home_image_url,293
294,294,home_image_url,294
295,295,home_image_url,295
296,296,home_image_url,296
297,297,home_image_url,297
298,298,home_image_url,298
299,299,home_image_url,299
300,300,home_image_url,300
301,301,home_image_url,301
302,302,home_image_url,302
303,303,home_image_url,303
304,304,home_image_url,304
305,305,home_image_url,305
306,306,home_image_url,306
307,307,home_image_url,307
308,308,home_image_url,308
309,309,home_image_url,309
310,310,home_image_url,310
311,311,home_image_url,311
312,312,home_image_url,312
313,313,home_image_url,313
314,314,home_image_url,314
315,315,home_image_url,315
316,316,home_image_url,316
317,317,home_image_url,317
318,318,home_image_url,318
319,319,home_image_url,319
320,320,home_image_url,320
321,321,home_image_url,321
322,322,home_image_url,322
323,323,home_image_url,323
324,324,home_image_url,324
325,325,home_image_url,325
326,326,home_image_url,326
327,327,home_image_url,327
328,328,home_image_url,328
329,329,home_image_url,329
330,330,home_image_url,330
331,331,home_image_url,331
332,332,home_image_url,332
333,333,home_image_url,333
334,334,home_image_url,334
335,335,home_image_url,335
336,336,home_image_url,336
337,337,home_image_url,337
338,338,home_image_url,338
339,339,home_image_url,339
340,340,home_image_url,340
341,341,home_image_url,341
342,342,home_image_url,342
343,343,home_image_url,343
344,344,home_image_url,344
345,345,home_image_url,345
346,346,home_image_url,346
347,347,home_image_url,347
348,348,home_image_url,348
349,349,home_image_url,349
350,350,home_image_url,350
351,351,home_image_url,351
352,352,home_image_url,352
353,353,home_image_url,353
354,354,home_image_url,354
355,355,home_image_url,355
356,356,home_image_url,356
357,357,home_image_url,357
358,358,home_image_url,358
359,359,home_image_url,359
360,360,home_image_url,360
361,361,home_image_url,361
362,362,home_image_url,362
363,363,home_image_url,363
364,364,home_image_url,364
365,365,home_image_url,365
366,366,home_image_url,366
367,367,home_image_url,367
368,368,home_image_url,368
369,369,home_image_url,369
370,370,home_image_url,370
371,371,home_image_url,371
372,372,home_image_url,372
373,373,home_image_url,373
374,374,home_image_url,374
375,375,home_image_url,375
376,376,home_image_url,376
377,377,home_image_url,377
378,378,home_image_url,378
379,379,home_image_url,379
380,380,home_image_url,380
381,381,home_image_url,381
382,382,home_image_url,382
383,383,home_image_url,383
384,384,home_image_url,384
385,385,home_image_url,385
386,386,home_image_url,386
387,387,home_image_url,387
388,388,home_image_url,388
389,389,home_image_url,389
390,390,home_image_url,390
391,391,home_image_url,391
392,392,home_image_url,392
393,393,home_image_url,393
394,394,home_image_url,394
395,395,home_image_url,395
396,396,home_image_url,396
397,397,home_image_url,397
398,398,home_image_url,398
399,399,home_image_url,399
400,400,home_image_url,400
401,401,home_image_url,401
402,402,home_image_url,402
403,403,home_image_url,403
404,404,home_image_url,404
405,405,home_image_url,405
406,406,home_image_url,406
407,407,home_image_url,407
408,408,home_image_url,408
409,409,home_image_url,409
410,410,home_image_url,410
411,411,home_image_url,411
412,412,home_image_url,412
413,413,home_image_url,413
414,414,home_image_url,414
415,415,home_image_url,415
416,416,home_image_url,416
417,417,home_image_url,417
418,418,home_image_url,418
419,419,home_image_url,419
420,420,home_image_url,420
421,421,home_image_url,421
422,422,home_image_url,422
423,423,home_image_url,423
424,424,home_image_url,424
425,425,home_image_url,425
426,426,home_image_url,426
427,427,home_image_url,427
428,428,home_image_url,428
429,429,home_image_url,429
430,430,home_image_url,430
431,431,home_image_url,431
432,432,home_image_url,432
433,433,home_image_url,433
434,434,home_image_url,434
435,435,home_image_url,435
436,436,home_image_url,436
437,437,home_image_url,437
438,438,home_image_url,438
439,439,home_image_url,439
440,440,home_image_url,440
441,441,home_image_url,441
442,442,home_image_url,442
443,443,home_image_url,443
444,444,home_image_url,444
445,445,home_image_url,445
446,446,home_image_url,446
447,447,home_image_url,447
448,448,home_image_url,448
449,449,home_image_url,449
450,450,home_image_url,450
451,451,home_image_url,451
452,452,home_image_url,452
453,453,home_image_url,453
454,454,home_image_url,454
455,455,home_image_url,455
456,456,home_image_url,456
457,457,home_image_url,457
458,458,home_image_url,458
459,459,home_image_url,459
460,460,home_image_url,460
461,461,home_image_url,461
462,462,home_image_url,462
463,463,home_image_url,463
464,464,home_image_url,464
465,465,home_image_url,465
466,466,home_image_url,466
467,467,home_image_url,467
468,468,home_image_url,468
469,469,home_image_url,469
470,470,home_image_url,470
471,471,home_image_url,471
472,472,home_image_url,472
473,473,home_image_url,473
474,474,home_image_url,474
475,475,home_image_url,475
476,476,home_image_url,476
477,477,home_image_url,477
478,478,home_image_url,478
479,479,home_image_url,479
480,480,home_image_url,480
481,481,home_image_url,481
482,482,home_image_url,482
483,483,home_image_url,483
484,484,home_image_url,484
485,485,home_image_url,485
486,486,home_image_url,486
487,487,home_image_url,487
488,488,home_image_url,488
489,489,home_image_url,489
490,490,home_image_url,490
491,491,home_image_url,491
492,492,home_image_url,492
493,493,home_image_url,493
494,494,home_image_url,494
495,495,home_image_url,495
496,496,home_image_url,496
497,497,home_image_url,497
498,498,home_image_url,498
499,499,home_image_url,499
500,500,home_image_url,500
501,501,home_image_url,501
502,502,home_image_url,502
503,503,home_image_url,503
504,504,home_image_url,504
505,505,home_image_url,505
506,506,home_image_url,506
507,507,home_image_url,507
508,508,home_image_url,508
509,509,home_image_url,509
510,510,home_image_url,510
511,511,home_image_url,511
512,512,home_image_url,512
513,513,home_image_url,513
514,514,home_image_url,514
515,515,home_image_url,515
516,516,home_image_url,516
517,517,home_image_url,517
518,518,home_image_url,518
519,519,home_image_url,519
520,520,home_image_url,520
521,521,home_image_url,521
522,522,home_image_url,522
523,523,home_image_url,523
524,524,home_image_url,524
525,525,home_image_url,525
526,526,home_image_url,526
527,527,home_image_url,527
528,528,home_image_url,528
529,529,home_image_url,529
530,530,home_image_url,530
531,531,home_image_url,531
532,532,home_image_url,532
533,533,home_image_url,533
534,534,home_image_url,534
535,535,home_image_url,535
536,536,home_image_url,536
537,537,home_image_url,537
538,538,home_image_url,538
539,539,home_image_url,539
540,540,home_image_url,540
541,541,home_image_url,541
542,542,home_image_url,542
543,543,home_image_url,543
544,544,home_image_url,544
545,545,home_image_url,545
546,546,home_image_url,546
547,547,home_image_url,547
548,548,home_image_url,548
549,549,home_image_url,549
550,550,home_image_url,550
551,551,home_image_url,551
552,552,home_image_url,552
553,553,home_image_url,553
554,554,home_image_url,554
555,555,home_image_url,555
556,556,home_image_url,556
557,557,home_image_url,557
558,558,home_image_url,558
559,559,home_image_url,559
560,560,home_image_url,560
561,561,home_image_url,561
562,562,home_image_url,562
563,563,home_image_url,563
564,564,home_image_url,564
565,565,home_image_url,565
566,566,home_image_url,566
567,567,home_image_url,567
568,568,home_image_url,568
569,569,home_image_url,569
570,570,home_image_url,570
571,571,home_image_url,571
572,572,home_image_url,572
573,573,home_image_url,573
574,574,home_image_url,574
575,575,home_image_url,575
576,576,home_image_url,576
577,577,home_image_url,577
578,578,home_image_url,578
579,579,home_image_url,579
580,580,home_image_url,580
581,581,home_image_url,581
582,582,home_image_url,582
583,583,home_image_url,583
584,584,home_image_url,584
585,585,home_image_url,585
586,586,home_image_url,586
587,587,home_image_url,587
588,588,home_image_url,588
589,589,home_image_url,589
590,590,home_image_url,590
591,591,home_image_url,591
592,592,home_image_url,592
593,593,home_image_url,593
594,594,home_image_url,594
595,595,home_image_url,595
596,596,home_image_url,596
597,597,home_image_url,597
598,598,home_image_url,598
599,599,home_image_url,599
600,600,home_image_url,600
601,601,home_image_url,601
602,602,home_image_url,602
603,603,home_image_url,603
604,604,home_image_url,604
605,605,home_image_url,605
606,606,home_image_url,606
607,607,home_image_url,607
608,608,home_image_url,608
609,609,home_image_url,609
610,610,home_image_url,610
611,611,home_image_url,611
612,612,home_image_url,612
613,613,home_image_url,613
614,614,home_image_url,614
615,615,home_image_url,615
616,616,home_image_url,616
617,617,home_image_url,617
618,618,home_image_url,618
619,619,home_image_url,619
620,620,home_image_url,620
621,621,home_image_url,621
622,622,home_image_url,622
623,623,home_image_url,623
624,624,home_image_url,624
625,625,home_image_url,625
626,626,home_image_url,626
627,627,home_image_url,627
628,628,home_image_url,628
629,629,home_image_url,629
630,630,home_image_url,630
631,631,home_image_url,631
632,632,home_image_url,632
633,633,home_image_url,633
634,634,home_image_url,634
635,635,home_image_url,635
636,636,home_image_url,636
637,637,home_image_url,637
638,638,home_image_url,638
639,639,home_image_url,639
640,640,home_image_url,640
641,641,home_image_url,641
642,642,home_image_url,642
643,643,home_image_url,643
644,644,home_image_url,644
645,645,home_image_url,645
646,646,home_image_url,646
647,647,home_image_url,647
648,648,home_image_url,648
649,649,home_image_url,649
650,650,home_image_url,650
651,651,home_image_url,651
652,652,home_image_url,652
653,653,home_image_url,653
654,654,home_image_url,654
655,655,home_image_url,655
656,656,home_image_url,656
657,657,home_image_url,657
658,658,home_image_url,658
659,659,home_image_url,659
660,660,home_image_url,660
661,661,home_image_url,661
662,662,home_image_url,662
663,663,home_image_url,663
664,664,home_image_url,664
665,665,home_image_url,665
666,666,home_image_url,666
667,667,home_image_url,667
668,668,home_image_url,668
669,669,home_image_url,669
670,670,home_image_url,670
671,671,home_image_url,671
672,672,home_image_url,672
673,673,home_image_url,673
674,674,home_image_url,674
675,675,home_image_url,675
676,676,home_image_url,676
677,677,home_image_url,677
678,678,home_image_url,678
679,679,home_image_url,679
680,680,home_image_url,680
681,681,home_image_url,681
682,682,home_image_url,682
683,683,home_image_url,683
684,684,home_image_url,684
685,685,home_image_url,685
686,686,home_image_url,686
687,687,home_image_url,687
688,688,home_image_url,688
689,689,home_image_url,689
690,690,home_image_url,690
691,691,home_image_url,691
692,692,home_image_url,692
693,693,home_image_url,693
694,694,home_image_url,694
695,695,home_image_url,695
696,696,home_image_url,696
697,697,home_image_url,697
698,698,home_image_url,698
699,699,home_image_url,699
700,700,home_image_url,700
701,701,home_image_url,701
702,702,home_image_url,702
703,703,home_image_url,703
704,704,home_image_url,704
705,705,home_image_url,705
706,706,home_image_url,706
707,707,home_image_url,707
708,708,home_image_url,708
709,709,home_image_url,709
710,710,home_image_url,710
711,711,home_image_url,711
712,712,home_image_url,712
713,713,home_image_url,713
714,714,home_image_url,714
715,715,home_image_url,715
716,716,home_image_url,716
717,717,home_image_url,717
718,718,home_image_url,718
719,719,home_image_url,719
720,720,home_image_url,720
721,721,home_image_url,721
722,722,home_image_url,722
723,723,home_image_url,723
724,724,home_image_url,724
725,725,home_image_url,725
726,726,home_image_url,726
727,727,home_image_url,727
728,728,home_image_url,728
729,729,home_image_url,729
730,730,home_image_url,730
731,731,home_image_url,731
732,732,home_image_url,732
733,733,home_image_url,733
734,734,home_image_url,734
735,735,home_image_url,735
736,736,home_image_url,736
737,737,home_image_url,737
738,738,home_image_url,738
739,739,home_image_url,739
740,740,home_image_url,740
741,741,home_image_url,741
742,742,home_image_url,742
743,743,home_image_url,743
744,744,home_image_url,744
745,745,home_image_url,745
746,746,home_image_url,746
747,747,home_image_url,747
748,748,home_image_url,748
749,749,home_image_url,749
750,750,home_image_url,750
751,751,home_image_url,751
752,752,home_image_url,752
753,753,home_image_url,753
754,754,home_image_url,754
755,755,home_image_url,755
756,756,home_image_url,756
757,757,home_image_url,757
758,758,home_image_url,758
759,759,home_image_url,759
760,760,home_image_url,760
761,761,home_image_url,761
762,762,home_image_url,762
763,763,home_image_url,763
764,764,home_image_url,764
765,765,home_image_url,765
766,766,home_image_url,766
767,767,home_image_url,767
768,768,home_image_url,768
769,769,home_image_url,769
770,770,home_image_url,770
771,771,home_image_url,771
772,772,home_image_url,772
773,773,home_image_url,773
774,774,home_image_url,774
775,775,home_image_url,775
776,776,home_image_url,776
777,777,home_image_url,777
778,778,home_image_url,778
779,779,home_image_url,779
780,780,home_image_url,780
781,781,home_image_url,781
782,782,home_image_url,782
783,783,home_image_url,783
784,784,home_image_url,784
785,785,home_image_url,785
786,786,home_image_url,786
787,787,home_image_url,787
788,788,home_image_url,788
789,789,home_image_url,789
790,790,home_image_url,790
791,791,home_image_url,791
792,792,home_image_url,792
793,793,home_image_url,793
794,794,home_image_url,794
795,795,home_image_url,795
796,796,home_image_url,796
797,797,home_image_url,797
798,798,home_image_url,798
799,799,home_image_url,799
800,800,home_image_url,800
801,801,home_image_url,801
802,802,home_image_url,802
803,803,home_image_url,803
804,804,home_image_url,804
805,805,home_image_url,805
806,806,home_image_url,806
807,807,home_image_url,807
808,808,home_image_url,808
809,809,home_image_url,809
810,810,home_image_url,810
811,811,home_image_url,811
812,812,home_image_url,812
813,813,home_image_url,813
814,814,home_image_url,814
815,815,home_image_url,815
816,816,home_image_url,816
817,817,home_image_url,817
818,818,home_image_url,818
819,819,home_image_url,819
820,820,home_image_url,820
821,821,home_image_url,821
822,822,home_image_url,822
823,823,home_image_url,823
824,824,home_image_url,824
825,825,home_image_url,825
826,826,home_image_url,826
827,827,home_image_url,827
828,828,home_image_url,828
829,829,home_image_url,829
830,830,home_image_url,830
831,831,home_image_url,831
832,832,home_image_url,832
833,833,home_image_url,833
834,834,home_image_url,834
835,835,home_image_url,835
836,836,home_image_url,836
837,837,home_image_url,837
838,838,home_image_url,838
839,839,home_image_url,839
840,840,home_image_url,840
841,841,home_image_url,841
842,842,home_image_url,842
843,843,home_image_url,843
844,844,home_image_url,844
845,845,home_image_url,845
846,846,home_image_url,846
847,847,home_image_url,847
848,848,home_image_url,848
849,849,home_image_url,849
850,850,home_image_url,850
851,851,home_image_url,851
852,852,home_image_url,852
853,853,home_image_url,853
854,854,home_image_url,854
855,855,home_image_url,855
856,856,home_image_url,856
857,857,home_image_url,857
858,858,home_image_url,858
859,859,home_image_url,859
860,860,home_image_url,860
861,861,home_image_url,861
862,862,home_image_url,862
863,863,home_image_url,863
864,864,home_image_url,864
865,865,home_image_url,865
866,866,home_image_url,866
867,867,home_image_url,867
868,868,home_image_url,868
869,869,home_image_url,869
870,870,home_image_url,870
871,871,home_image_url,871
872,872,home_image_url,872
873,873,home_image_url,873
874,874,home_image_url,874
875,875,home_image_url,875
876,876,home_image_url,876
877,877,home_image_url,877
878,878,home_image_url,878
879,879,home_image_url,879
880,880,home_image_url,880
881,881,home_image_url,881
882,882,home_image_url,882
883,883,home_image_url,883
884,884,home_image_url,884
885,885,home_image_url,885
886,886,home_image_url,886
887,887,home_image_url,887
888,888,home_image_url,888
889,889,home_image_url,889
890,890,home_image_url,890
891,891,home_image_url,891
892,892,home_image_url,892
893,893,home_image_url,893
894,894,home_image_url,894
895,895,home_image_url,895
896,896,home_image_url,896
897,897,home_image_url,897
898,898,home_image_url,898
899,899,home_image_url,899
900,900,home_image_url,900
901,901,home_image_url,901
902,902,home_image_url,902
903,903,home_image_url,903
904,904,home_image_url,904
905,905,home_image_url,905
906,906,home_image_url,906
907,907,home_image_url,907
908,908,home_image_url,908
909,909,home_image_url,909
910,910,home_image_url,910
911,911,home_image_url,911
912,912,home_image_url,912
913,913,home_image_url,913
914,914,home_image_url,914
915,915,home_image_url,915
916,916,home_image_url,916
917,917,home_image_url,917
918,918,home_image_url,918
919,919,home_image_url,919
920,920,home_image_url,920
921,921,home_image_url,921
922,922,home_image_url,922
923,923,home_image_url,923
924,924,home_image_url,924
925,925,home_image_url,925
926,926,home_image_url,926
927,927,home_image_url,927
928,928,home_image_url,928
929,929,home_image_url,929
930,930,home_image_url,930
931,931,home_image_url,931
932,932,home_image_url,932
933,933,home_image_url,933
934,934,home_image_url,934
935,935,home_image_url,935
936,936,home_image_url,936
937,937,home_image_url,937
938,938,home_image_url,938
939,939,home_image_url,939
940,940,home_image_url,940
941,941,home_image_url,941
942,942,home_image_url,942
943,943,home_image_url,943
944,944,home_image_url,944
945,945,home_image_url,945
946,946,home_image_url,946
947,947,home_image_url,947
948,948,home_image_url,948
949,949,home_image_url,949
950,950,home_image_url,950
951,951,home_image_url,951
952,952,home_image_url,952
953,953,home_image_url,953
954,954,home_image_url,954
955,955,home_image_url,955
956,956,home_image_url,956
957,957,home_image_url,957
958,958,home_image_url,958
959,959,home_image_url,959
960,960,home_image_url,960
961,961,home_image_url,961
962,962,home_image_url,962
963,963,home_image_url,963
964,964,home_image_url,964
965,965,home_image_url,965
966,966,home_image_url,966
967,967,home_image_url,967
968,968,home_image_url,968
969,969,home_image_url,969
970,970,home_image_url,970
971,971,home_image_url,971
972,972,home_image_url,972
973,973,home_image_url,973
974,974,home_image_url,974
975,975,home_image_url,975
976,976,home_image_url,976
977,977,home_image_url,977
978,978,home_image_url,978
979,979,home_image_url,979
980,980,home_image_url,980
981,981,home_image_url,981
982,982,home_image_url,982
983,983,home_image_url,983
984,984,home_image_url,984
985,985,home_image_url,985
986,986,home_image_url,986
987,987,home_image_url,987
988,988,home_image_url,988
989,989,home_image_url,989
990,990,home_image_url,990
991,991,home_image_url,991
992,992,home_image_url,992
993,993,home_image_url,993
994,994,home_image_url,994
995,995,home_image_url,995
996,996,home_image_url,996
997,997,home_image_url,997
998,998,home_image_url,998
999,999,home_image_url,999
1000,1000,home_image_url,1000
1001,1001,home_image_url,1001
1002,1002,home_image_url,1002
1003,1003,home_image_url,1003
1004,1004,home_image_url,1004
1005,1005,home_image_url,1005
1006,1006,home_image_url,1006
1007,1007,home_image_url,1007
1008,1008,home_image_url,1008
1009,1009,home_image_url,1009
1010,1010,home_image_url,1010
1011,1011,home_image_url,1011
1012,1012,home_image_url,1012
1013,1013,home_image_url,1013
1014,1014,home_image_url,1014
1015,1015,home_image_url,1015
1016,1016,home_image_url,1016
1017,1017,home_image_url,1017
1018,1018,home_image_url,1018
1019,1019,home_image_url,1019
1020,1020,home_image_url,1020
1021,1021,home_image_url,1021
1022,1022,home_image_url,1022
1023,1023,home_image_url,1023
1024,1024,home_image_url,1024
1025,1025,home_image_url,1025
1026,1026,home_image_url,1026
1027,1027,home_image_url,1027
1028,1028,home_image_url,1028
1029,1029,home_image_url,1029
1030,1030,home_image_url,1030
1031,1031,home_image_url,1031
1032,1032,home_image_url,1032
1033,1033,home_image_url,1033
1034,1034,home_image_url,1034
1035,1035,home_image_url,1035
1036,1036,home_image_url,1036
1037,1037,home_image_url,1037
1038,1038,home_image_url,1038
1039,1039,home_image_url,1039
1040,1040,home_image_url,1040
1041,1041,home_image_url,1041
1042,1042,home_image_url,1042
1043,1043,home_image_url,1043
1044,1044,home_image_url,1044
1045,1045,home_image_url,1045
1046,1046,home_image_url,1046
1047,1047,home_image_url,1047
1048,1048,home_image_url,1048
1049,1049,home_image_url,1049
1050,1050,home_image_url,1050
1051,1051,home_image_url,1051
1052,1052,home_image_url,1052
1053,1053,home_image_url,1053
1054,1054,home_image_url,1054
1055,1055,home_image_url,1055
1056,1056,home_image_url,1056
1057,1057,home_image_url,1057
1058,1058,home_image_url,1058
1059,1059,home_image_url,1059
1060,1060,home_image_url,1060
1061,1061,home_image_url,1061
1062,1062,home_image_url,1062
1063,1063,home_image_url,1063
1064,1064,home_image_url,1064
1065,1065,home_image_url,1065
1066,1066,home_image_url,1066
1067,1067,home_image_url,1067
1068,1068,home_image_url,1068
1069,1069,home_image_url,1069
1070,1070,home_image_url,1070
1071,1071,home_image_url,1071
1072,1072,home_image_url,1072
1073,1073,home_image_url,1073
1074,1074,home_image_url,1074
1075,1075,home_image_url,1075
1076,1076,home_image_url,1076
1077,1077,home_image_url,1077
1078,1078,home_image_url,1078
1079,1079,home_image_url,1079
1080,1080,home_image_url,1080
1081,1081,home_image_url,1081
1082,1082,home_image_url,1082
1083,1083,home_image_url,1083
1084,1084,home_image_url,1084
1085,1085,home_image_url,1085
1086,1086,home_image_url,1086
1087,1087,home_image_url,1087
1088,1088,home_image_url,1088
1089,1089,home_image_url,1089
1090,1090,home_image_url,1090
1091,1091,home_image_url,1091
1092,1092,home_image_url,1092
1093,1093,home_image_url,1093
1094,1094,home_image_url,1094
1095,1095,home_image_url,1095
1096,1096,home_image_url,1096
1097,1097,home_image_url,1097
1098,1098,home_image_url,1098
1099,1099,home_image_url,1099
1100,1100,home_image_url,1100
1101,1101,home_image_url,1101
1102,1102,home_image_url,1102
1103,1103,home_image_url,1103
1104,1104,home_image_url,1104
1105,1105,home_image_url,1105
1106,1106,home_image_url,1106
1107,1107,home_image_url,1107
1108,1108,home_image_url,1108
1109,1109,home_image_url,1109
1110,1110,home_image_url,1110
1111,1111,home_image_url,1111
1112,1112,home_image_url,1112
1113,1113,home_image_url,1113
1114,1114,home_image_url,1114
1115,1115,home_image_url,1115
1116,1116,home_image_url,1116
1117,1117,home_image_url,1117
1118,1118,home_image_url,1118
1119,1119,home_image_url,1119
1120,1120,home_image_url,1120
1121,1121,home_image_url,1121
1122,1122,home_image_url,1122
1123,1123,home_image_url,1123
1124,1124,home_image_url,1124
1125,1125,home_image_url,1125
1126,1126,home_image_url,1126
1127,1127,home_image_url,1127
1128,1128,home_image_url,1128
1129,1129,home_image_url,1129
1130,1130,home_image_url,1130
1131,1131,home_image_url,1131
1132,1132,home_image_url,1132
1133,1133,home_image_url,1133
1134,1134,home_image_url,1134
1135,1135,home_image_url,1135
1136,1136,home_image_url,1136
1137,1137,home_image_url,1137
1138,1138,home_image_url,1138
1139,1139,home_image_url,1139
1140,1140,home_image_url,1140
1141,1141,home_image_url,1141
1142,1142,home_image_url,1142
1143,1143,home_image_url,1143
1144,1144,home_image_url,1144
1145,1145,home_image_url,1145
1146,1146,home_image_url,1146
1147,1147,home_image_url,1147
1148,1148,home_image_url,1148
1149,1149,home_image_url,1149
1150,1150,home_image_url,1150
1151,1151,home_image_url,1151
1152,1152,home_image_url,1152
1153,1153,home_image_url,1153
1154,1154,home_image_url,1154
1155,1155,home_image_url,1155
1156,1156,home_image_url,1156
1157,1157,home_image_url,1157
1158,1158,home_image_url,1158
1159,1159,home_image_url,1159
1160,1160,home_image_url,1160
1161,1161,home_image_url,1161
1162,1162,home_image_url,1162
1163,1163,home_image_url,1163
1164,1164,home_image_url,1164
1165,1165,home_image_url,1165
1166,1166,home_image_url,1166
1167,1167,home_image_url,1167
1168,1168,home_image_url,1168
1169,1169,home_image_url,1169
1170,1170,home_image_url,1170
1171,1171,home_image_url,1171
1172,1172,home_image_url,1172
1173,1173,home_image_url,1173
1174,1174,home_image_url,1174
1175,1175,home_image_url,1175
1176,1176,home_image_url,1176
1177,1177,home_image_url,1177
1178,1178,home_image_url,1178
1179,1179,home_image_url,1179
1180,1180,home_image_url,1180
1181,1181,home_image_url,1181
1182,1182,home_image_url,1182
1183,1183,home_image_url,1183
1184,1184,home_image_url,1184
1185,1185,home_image_url,1185
1186,1186,home_image_url,1186
1187,1187,home_image_url,1187
1188,1188,home_image_url,1188
1189,1189,home_image_url,1189
1190,1190,home_image_url,1190
1191,1191,home_image_url,1191
1192,1192,home_image_url,1192
1193,1193,home_image_url,1193
1194,1194,home_image_url,1194
1195,1195,home_image_url,1195
1196,1196,home_image_url,1196
1197,1197,home_image_url,1197
1198,1198,home_image_url,1198
1199,1199,home_image_url,1199
1200,1200,home_image_url,1200
1201,1201,home_image_url,1201
1202,1202,home_image_url,1202
1203,1203,home_image_url,1203
1204,1204,home_image_url,1204
1205,1205,home_image_url,1205
1206,1206,home_image_url,1206
1207,1207,home_image_url,1207
1208,1208,home_image_url,1208
1209,1209,home_image_url,1209
1210,1210,home_image_url,1210
1211,1211,home_image_url,1211
1212,1212,home_image_url,1212
1213,1213,home_image_url,1213
1214,1214,home_image_url,1214
1215,1215,home_image_url,1215
1216,1216,home_image_url,1216
1217,1217,home_image_url,1217
1218,1218,home_image_url,1218
1219,1219,home_image_url,1219
1220,1220,home_image_url,1220
1221,1221,home_image_url,1221
1222,1222,home_image_url,1222
1223,1223,home_image_url,1223
1224,1224,home_image_url,1224
1225,1225,home_image_url,1225
1226,1226,home_image_url,1226
1227,1227,home_image_url,1227
1228,1228,home_image_url,1228
1229,1229,home_image_url,1229
1230,1230,home_image_url,1230
1231,1231,home_image_url,1231
1232,1232,home_image_url,1232
1233,1233,home_image_url,1233
1234,1234,home_image_url,1234
1235,1235,home_image_url,1235
1236,1236,home_image_url,1236
1237,1237,home_image_url,1237
1238,1238,home_image_url,1238
1239,1239,home_image_url,1239
1240,1240,home_image_url,1240
1241,1241,home_image_url,1241
1242,1242,home_image_url,1242
1243,1243,home_image_url,1243
1244,1244,home_image_url,1244
1245,1245,home_image_url,1245
1246,1246,home_image_url,1246
1247,1247,home_image_url,1247
1248,1248,home_image_url,1248
1249,1249,home_image_url,1249
1250,1250,home_image_url,1250
1251,1251,home_image_url,1251
1252,1252,home_image_url,1252
1253,1253,home_image_url,1253
1254,1254,home_image_url,1254
1255,1255,home_image_url,1255
1256,1256,home_image_url,1256
1257,1257,home_image_url,1257
1258,1258,home_image_url,1258
1259,1259,home_image_url,1259
1260,1260,home_image_url,1260
1261,1261,home_image_url,1261
1262,1262,home_image_url,1262
1263,1263,home_image_url,1263
