host_image_no,home_no,host_image_url
1,1,/hostImage/1.jpg
2,2,/hostImage/2.jpg
3,3,/hostImage/3.jpg
4,4,/hostImage/4.jpg
5,5,/hostImage/5.jpg
6,6,/hostImage/6.jpg
7,7,/hostImage/7.jpg
8,8,/hostImage/8.jpg
9,9,/hostImage/9.jpg
10,10,/hostImage/10.jpg
11,11,/hostImage/11.jpg
12,12,/hostImage/12.jpg
13,13,/hostImage/13.jpg
14,14,/hostImage/14.jpg
15,15,/hostImage/15.jpg
16,16,/hostImage/16.jpg
17,17,/hostImage/17.jpg
18,18,/hostImage/18.jpg
19,19,/hostImage/19.jpg
20,20,/hostImage/20.jpg
21,21,/hostImage/21.jpg
22,22,/hostImage/22.jpg
23,23,/hostImage/23.jpg
24,24,/hostImage/24.jpg
25,25,/hostImage/25.jpg
26,26,/hostImage/26.jpg
27,27,/hostImage/27.jpg
28,28,/hostImage/28.jpg
29,29,/hostImage/29.jpg
30,30,/hostImage/30.jpg
31,31,/hostImage/31.jpg
32,32,/hostImage/32.jpg
33,33,/hostImage/33.jpg
34,34,/hostImage/34.jpg
35,35,/hostImage/35.jpg
36,36,/hostImage/36.jpg
37,37,/hostImage/37.jpg
38,38,/hostImage/38.jpg
39,39,/hostImage/39.jpg
40,40,/hostImage/40.jpg
41,41,/hostImage/41.jpg
42,42,/hostImage/42.jpg
43,43,/hostImage/43.jpg
44,44,/hostImage/44.jpg
45,45,/hostImage/45.jpg
46,46,/hostImage/46.jpg
47,47,/hostImage/47.jpg
48,48,/hostImage/48.jpg
49,49,/hostImage/49.jpg
50,50,/hostImage/50.jpg
51,51,/hostImage/51.jpg
52,52,/hostImage/52.jpg
53,53,/hostImage/53.jpg
54,54,/hostImage/54.jpg
55,55,/hostImage/55.jpg
56,56,/hostImage/56.jpg
57,57,/hostImage/57.jpg
58,58,/hostImage/58.jpg
59,59,/hostImage/59.jpg
60,60,/hostImage/60.jpg
61,61,/hostImage/61.jpg
62,62,/hostImage/62.jpg
63,63,/hostImage/63.jpg
64,64,/hostImage/64.jpg
65,65,/hostImage/65.jpg
66,66,/hostImage/66.jpg
67,67,/hostImage/67.jpg
68,68,/hostImage/68.jpg
69,69,/hostImage/69.jpg
70,70,/hostImage/70.jpg
71,71,/hostImage/71.jpg
72,72,/hostImage/72.jpg
73,73,/hostImage/73.jpg
74,74,/hostImage/74.jpg
75,75,/hostImage/75.jpg
76,76,/hostImage/76.jpg
77,77,/hostImage/77.jpg
78,78,/hostImage/78.jpg
79,79,/hostImage/79.jpg
80,80,/hostImage/80.jpg
81,81,/hostImage/81.jpg
82,82,/hostImage/82.jpg
83,83,/hostImage/83.jpg
84,84,/hostImage/84.jpg
85,85,/hostImage/85.jpg
86,86,/hostImage/86.jpg
87,87,/hostImage/87.jpg
88,88,/hostImage/88.jpg
89,89,/hostImage/89.jpg
90,90,/hostImage/90.jpg
91,91,/hostImage/91.jpg
92,92,/hostImage/92.jpg
93,93,/hostImage/93.jpg
94,94,/hostImage/94.jpg
95,95,/hostImage/95.jpg
96,96,/hostImage/96.jpg
97,97,/hostImage/97.jpg
98,98,/hostImage/98.jpg
99,99,/hostImage/99.jpg
100,100,/hostImage/100.jpg
101,101,/hostImage/101.jpg
102,102,/hostImage/102.jpg
103,103,/hostImage/103.jpg
104,104,/hostImage/104.jpg
105,105,/hostImage/105.jpg
106,106,/hostImage/106.jpg
107,107,/hostImage/107.jpg
108,108,/hostImage/108.jpg
109,109,/hostImage/109.jpg
110,110,/hostImage/110.jpg
111,111,/hostImage/111.jpg
112,112,/hostImage/112.jpg
113,113,/hostImage/113.jpg
114,114,/hostImage/114.jpg
115,115,/hostImage/115.jpg
116,116,/hostImage/116.jpg
117,117,/hostImage/117.jpg
118,118,/hostImage/1.jpg
119,119,/hostImage/2.jpg
120,120,/hostImage/3.jpg
121,121,/hostImage/4.jpg
122,122,/hostImage/5.jpg
123,123,/hostImage/6.jpg
124,124,/hostImage/7.jpg
125,125,/hostImage/8.jpg
126,126,/hostImage/9.jpg
127,127,/hostImage/10.jpg
128,128,/hostImage/11.jpg
129,129,/hostImage/12.jpg
130,130,/hostImage/13.jpg
131,131,/hostImage/14.jpg
132,132,/hostImage/15.jpg
133,133,/hostImage/16.jpg
134,134,/hostImage/17.jpg
135,135,/hostImage/18.jpg
136,136,/hostImage/19.jpg
137,137,/hostImage/20.jpg
138,138,/hostImage/21.jpg
139,139,/hostImage/22.jpg
140,140,/hostImage/23.jpg
141,141,/hostImage/24.jpg
142,142,/hostImage/25.jpg
143,143,/hostImage/26.jpg
144,144,/hostImage/27.jpg
145,145,/hostImage/28.jpg
146,146,/hostImage/29.jpg
147,147,/hostImage/30.jpg
148,148,/hostImage/31.jpg
149,149,/hostImage/32.jpg
150,150,/hostImage/33.jpg
151,151,/hostImage/34.jpg
152,152,/hostImage/35.jpg
153,153,/hostImage/36.jpg
154,154,/hostImage/37.jpg
155,155,/hostImage/38.jpg
156,156,/hostImage/39.jpg
157,157,/hostImage/40.jpg
158,158,/hostImage/41.jpg
159,159,/hostImage/42.jpg
160,160,/hostImage/43.jpg
161,161,/hostImage/44.jpg
162,162,/hostImage/45.jpg
163,163,/hostImage/46.jpg
164,164,/hostImage/47.jpg
165,165,/hostImage/48.jpg
166,166,/hostImage/49.jpg
167,167,/hostImage/50.jpg
168,168,/hostImage/51.jpg
169,169,/hostImage/52.jpg
170,170,/hostImage/53.jpg
171,171,/hostImage/54.jpg
172,172,/hostImage/55.jpg
173,173,/hostImage/56.jpg
174,174,/hostImage/57.jpg
175,175,/hostImage/58.jpg
176,176,/hostImage/59.jpg
177,177,/hostImage/60.jpg
178,178,/hostImage/61.jpg
179,179,/hostImage/62.jpg
180,180,/hostImage/63.jpg
181,181,/hostImage/64.jpg
182,182,/hostImage/65.jpg
183,183,/hostImage/66.jpg
184,184,/hostImage/67.jpg
185,185,/hostImage/68.jpg
186,186,/hostImage/69.jpg
187,187,/hostImage/70.jpg
188,188,/hostImage/71.jpg
189,189,/hostImage/72.jpg
190,190,/hostImage/73.jpg
191,191,/hostImage/74.jpg
192,192,/hostImage/75.jpg
193,193,/hostImage/76.jpg
194,194,/hostImage/77.jpg
195,195,/hostImage/78.jpg
196,196,/hostImage/79.jpg
197,197,/hostImage/80.jpg
198,198,/hostImage/81.jpg
199,199,/hostImage/82.jpg
200,200,/hostImage/83.jpg
201,201,/hostImage/84.jpg
202,202,/hostImage/85.jpg
203,203,/hostImage/86.jpg
204,204,/hostImage/87.jpg
205,205,/hostImage/88.jpg
206,206,/hostImage/89.jpg
207,207,/hostImage/90.jpg
208,208,/hostImage/91.jpg
209,209,/hostImage/92.jpg
210,210,/hostImage/93.jpg
211,211,/hostImage/94.jpg
212,212,/hostImage/95.jpg
213,213,/hostImage/96.jpg
214,214,/hostImage/97.jpg
215,215,/hostImage/98.jpg
216,216,/hostImage/99.jpg
217,217,/hostImage/100.jpg
218,218,/hostImage/101.jpg
219,219,/hostImage/102.jpg
220,220,/hostImage/103.jpg
221,221,/hostImage/104.jpg
222,222,/hostImage/105.jpg
223,223,/hostImage/106.jpg
224,224,/hostImage/107.jpg
225,225,/hostImage/108.jpg
226,226,/hostImage/109.jpg
227,227,/hostImage/110.jpg
228,228,/hostImage/111.jpg
229,229,/hostImage/112.jpg
230,230,/hostImage/113.jpg
231,231,/hostImage/114.jpg
232,232,/hostImage/115.jpg
233,233,/hostImage/116.jpg
234,234,/hostImage/117.jpg
235,235,/hostImage/1.jpg
236,236,/hostImage/2.jpg
237,237,/hostImage/3.jpg
238,238,/hostImage/4.jpg
239,239,/hostImage/5.jpg
240,240,/hostImage/6.jpg
241,241,/hostImage/7.jpg
242,242,/hostImage/8.jpg
243,243,/hostImage/9.jpg
244,244,/hostImage/10.jpg
245,245,/hostImage/11.jpg
246,246,/hostImage/12.jpg
247,247,/hostImage/13.jpg
248,248,/hostImage/14.jpg
249,249,/hostImage/15.jpg
250,250,/hostImage/16.jpg
251,251,/hostImage/17.jpg
252,252,/hostImage/18.jpg
253,253,/hostImage/19.jpg
254,254,/hostImage/20.jpg
255,255,/hostImage/21.jpg
256,256,/hostImage/22.jpg
257,257,/hostImage/23.jpg
258,258,/hostImage/24.jpg
259,259,/hostImage/25.jpg
260,260,/hostImage/26.jpg
261,261,/hostImage/27.jpg
262,262,/hostImage/28.jpg
263,263,/hostImage/29.jpg
264,264,/hostImage/30.jpg
265,265,/hostImage/31.jpg
266,266,/hostImage/32.jpg
267,267,/hostImage/33.jpg
268,268,/hostImage/34.jpg
269,269,/hostImage/35.jpg
270,270,/hostImage/36.jpg
271,271,/hostImage/37.jpg
272,272,/hostImage/38.jpg
273,273,/hostImage/39.jpg
274,274,/hostImage/40.jpg
275,275,/hostImage/41.jpg
276,276,/hostImage/42.jpg
277,277,/hostImage/43.jpg
278,278,/hostImage/44.jpg
279,279,/hostImage/45.jpg
280,280,/hostImage/46.jpg
281,281,/hostImage/47.jpg
282,282,/hostImage/48.jpg
283,283,/hostImage/49.jpg
284,284,/hostImage/50.jpg
285,285,/hostImage/51.jpg
286,286,/hostImage/52.jpg
287,287,/hostImage/53.jpg
288,288,/hostImage/54.jpg
289,289,/hostImage/55.jpg
290,290,/hostImage/56.jpg
291,291,/hostImage/57.jpg
292,292,/hostImage/58.jpg
293,293,/hostImage/59.jpg
294,294,/hostImage/60.jpg
295,295,/hostImage/61.jpg
296,296,/hostImage/62.jpg
297,297,/hostImage/63.jpg
298,298,/hostImage/64.jpg
299,299,/hostImage/65.jpg
300,300,/hostImage/66.jpg
301,301,/hostImage/67.jpg
302,302,/hostImage/68.jpg
303,303,/hostImage/69.jpg
304,304,/hostImage/70.jpg
305,305,/hostImage/71.jpg
306,306,/hostImage/72.jpg
307,307,/hostImage/73.jpg
308,308,/hostImage/74.jpg
309,309,/hostImage/75.jpg
310,310,/hostImage/76.jpg
311,311,/hostImage/77.jpg
312,312,/hostImage/78.jpg
313,313,/hostImage/79.jpg
314,314,/hostImage/80.jpg
315,315,/hostImage/81.jpg
316,316,/hostImage/82.jpg
317,317,/hostImage/83.jpg
318,318,/hostImage/84.jpg
319,319,/hostImage/85.jpg
320,320,/hostImage/86.jpg
321,321,/hostImage/87.jpg
322,322,/hostImage/88.jpg
323,323,/hostImage/89.jpg
324,324,/hostImage/90.jpg
325,325,/hostImage/91.jpg
326,326,/hostImage/92.jpg
327,327,/hostImage/93.jpg
328,328,/hostImage/94.jpg
329,329,/hostImage/95.jpg
330,330,/hostImage/96.jpg
331,331,/hostImage/97.jpg
332,332,/hostImage/98.jpg
333,333,/hostImage/99.jpg
334,334,/hostImage/100.jpg
335,335,/hostImage/101.jpg
336,336,/hostImage/102.jpg
337,337,/hostImage/103.jpg
338,338,/hostImage/104.jpg
339,339,/hostImage/105.jpg
340,340,/hostImage/106.jpg
341,341,/hostImage/107.jpg
342,342,/hostImage/108.jpg
343,343,/hostImage/109.jpg
344,344,/hostImage/110.jpg
345,345,/hostImage/111.jpg
346,346,/hostImage/112.jpg
347,347,/hostImage/113.jpg
348,348,/hostImage/114.jpg
349,349,/hostImage/115.jpg
350,350,/hostImage/116.jpg
351,351,/hostImage/117.jpg
352,352,/hostImage/1.jpg
353,353,/hostImage/2.jpg
354,354,/hostImage/3.jpg
355,355,/hostImage/4.jpg
356,356,/hostImage/5.jpg
357,357,/hostImage/6.jpg
358,358,/hostImage/7.jpg
359,359,/hostImage/8.jpg
360,360,/hostImage/9.jpg
361,361,/hostImage/10.jpg
362,362,/hostImage/11.jpg
363,363,/hostImage/12.jpg
364,364,/hostImage/13.jpg
365,365,/hostImage/14.jpg
366,366,/hostImage/15.jpg
367,367,/hostImage/16.jpg
368,368,/hostImage/17.jpg
369,369,/hostImage/18.jpg
370,370,/hostImage/19.jpg
371,371,/hostImage/20.jpg
372,372,/hostImage/21.jpg
373,373,/hostImage/22.jpg
374,374,/hostImage/23.jpg
375,375,/hostImage/24.jpg
376,376,/hostImage/25.jpg
377,377,/hostImage/26.jpg
378,378,/hostImage/27.jpg
379,379,/hostImage/28.jpg
380,380,/hostImage/29.jpg
381,381,/hostImage/30.jpg
382,382,/hostImage/31.jpg
383,383,/hostImage/32.jpg
384,384,/hostImage/33.jpg
385,385,/hostImage/34.jpg
386,386,/hostImage/35.jpg
387,387,/hostImage/36.jpg
388,388,/hostImage/37.jpg
389,389,/hostImage/38.jpg
390,390,/hostImage/39.jpg
391,391,/hostImage/40.jpg
392,392,/hostImage/41.jpg
393,393,/hostImage/42.jpg
394,394,/hostImage/43.jpg
395,395,/hostImage/44.jpg
396,396,/hostImage/45.jpg
397,397,/hostImage/46.jpg
398,398,/hostImage/47.jpg
399,399,/hostImage/48.jpg
400,400,/hostImage/49.jpg
401,401,/hostImage/50.jpg
402,402,/hostImage/51.jpg
403,403,/hostImage/52.jpg
404,404,/hostImage/53.jpg
405,405,/hostImage/54.jpg
406,406,/hostImage/55.jpg
407,407,/hostImage/56.jpg
408,408,/hostImage/57.jpg
409,409,/hostImage/58.jpg
410,410,/hostImage/59.jpg
411,411,/hostImage/60.jpg
412,412,/hostImage/61.jpg
413,413,/hostImage/62.jpg
414,414,/hostImage/63.jpg
415,415,/hostImage/64.jpg
416,416,/hostImage/65.jpg
417,417,/hostImage/66.jpg
418,418,/hostImage/67.jpg
419,419,/hostImage/68.jpg
420,420,/hostImage/69.jpg
421,421,/hostImage/70.jpg
422,422,/hostImage/71.jpg
423,423,/hostImage/72.jpg
424,424,/hostImage/73.jpg
425,425,/hostImage/74.jpg
426,426,/hostImage/75.jpg
427,427,/hostImage/76.jpg
428,428,/hostImage/77.jpg
429,429,/hostImage/78.jpg
430,430,/hostImage/79.jpg
431,431,/hostImage/80.jpg
432,432,/hostImage/81.jpg
433,433,/hostImage/82.jpg
434,434,/hostImage/83.jpg
435,435,/hostImage/84.jpg
436,436,/hostImage/85.jpg
437,437,/hostImage/86.jpg
438,438,/hostImage/87.jpg
439,439,/hostImage/88.jpg
440,440,/hostImage/89.jpg
441,441,/hostImage/90.jpg
442,442,/hostImage/91.jpg
443,443,/hostImage/92.jpg
444,444,/hostImage/93.jpg
445,445,/hostImage/94.jpg
446,446,/hostImage/95.jpg
447,447,/hostImage/96.jpg
448,448,/hostImage/97.jpg
449,449,/hostImage/98.jpg
450,450,/hostImage/99.jpg
451,451,/hostImage/100.jpg
452,452,/hostImage/101.jpg
453,453,/hostImage/102.jpg
454,454,/hostImage/103.jpg
455,455,/hostImage/104.jpg
456,456,/hostImage/105.jpg
457,457,/hostImage/106.jpg
458,458,/hostImage/107.jpg
459,459,/hostImage/108.jpg
460,460,/hostImage/109.jpg
461,461,/hostImage/110.jpg
462,462,/hostImage/111.jpg
463,463,/hostImage/112.jpg
464,464,/hostImage/113.jpg
465,465,/hostImage/114.jpg
466,466,/hostImage/115.jpg
467,467,/hostImage/116.jpg
468,468,/hostImage/117.jpg
469,469,/hostImage/1.jpg
470,470,/hostImage/2.jpg
471,471,/hostImage/3.jpg
472,472,/hostImage/4.jpg
473,473,/hostImage/5.jpg
474,474,/hostImage/6.jpg
475,475,/hostImage/7.jpg
476,476,/hostImage/8.jpg
477,477,/hostImage/9.jpg
478,478,/hostImage/10.jpg
479,479,/hostImage/11.jpg
480,480,/hostImage/12.jpg
481,481,/hostImage/13.jpg
482,482,/hostImage/14.jpg
483,483,/hostImage/15.jpg
484,484,/hostImage/16.jpg
485,485,/hostImage/17.jpg
486,486,/hostImage/18.jpg
487,487,/hostImage/19.jpg
488,488,/hostImage/20.jpg
489,489,/hostImage/21.jpg
490,490,/hostImage/22.jpg
491,491,/hostImage/23.jpg
492,492,/hostImage/24.jpg
493,493,/hostImage/25.jpg
494,494,/hostImage/26.jpg
495,495,/hostImage/27.jpg
496,496,/hostImage/28.jpg
497,497,/hostImage/29.jpg
498,498,/hostImage/30.jpg
499,499,/hostImage/31.jpg
500,500,/hostImage/32.jpg
501,501,/hostImage/33.jpg
502,502,/hostImage/34.jpg
503,503,/hostImage/35.jpg
504,504,/hostImage/36.jpg
505,505,/hostImage/37.jpg
506,506,/hostImage/38.jpg
507,507,/hostImage/39.jpg
508,508,/hostImage/40.jpg
509,509,/hostImage/41.jpg
510,510,/hostImage/42.jpg
511,511,/hostImage/43.jpg
512,512,/hostImage/44.jpg
513,513,/hostImage/45.jpg
514,514,/hostImage/46.jpg
515,515,/hostImage/47.jpg
516,516,/hostImage/48.jpg
517,517,/hostImage/49.jpg
518,518,/hostImage/50.jpg
519,519,/hostImage/51.jpg
520,520,/hostImage/52.jpg
521,521,/hostImage/53.jpg
522,522,/hostImage/54.jpg
523,523,/hostImage/55.jpg
524,524,/hostImage/56.jpg
525,525,/hostImage/57.jpg
526,526,/hostImage/58.jpg
527,527,/hostImage/59.jpg
528,528,/hostImage/60.jpg
529,529,/hostImage/61.jpg
530,530,/hostImage/62.jpg
531,531,/hostImage/63.jpg
532,532,/hostImage/64.jpg
533,533,/hostImage/65.jpg
534,534,/hostImage/66.jpg
535,535,/hostImage/67.jpg
536,536,/hostImage/68.jpg
537,537,/hostImage/69.jpg
538,538,/hostImage/70.jpg
539,539,/hostImage/71.jpg
540,540,/hostImage/72.jpg
541,541,/hostImage/73.jpg
542,542,/hostImage/74.jpg
543,543,/hostImage/75.jpg
544,544,/hostImage/76.jpg
545,545,/hostImage/77.jpg
546,546,/hostImage/78.jpg
547,547,/hostImage/79.jpg
548,548,/hostImage/80.jpg
549,549,/hostImage/81.jpg
550,550,/hostImage/82.jpg
551,551,/hostImage/83.jpg
552,552,/hostImage/84.jpg
553,553,/hostImage/85.jpg
554,554,/hostImage/86.jpg
555,555,/hostImage/87.jpg
556,556,/hostImage/88.jpg
557,557,/hostImage/89.jpg
558,558,/hostImage/90.jpg
559,559,/hostImage/91.jpg
560,560,/hostImage/92.jpg
561,561,/hostImage/93.jpg
562,562,/hostImage/94.jpg
563,563,/hostImage/95.jpg
564,564,/hostImage/96.jpg
565,565,/hostImage/97.jpg
566,566,/hostImage/98.jpg
567,567,/hostImage/99.jpg
568,568,/hostImage/100.jpg
569,569,/hostImage/101.jpg
570,570,/hostImage/102.jpg
571,571,/hostImage/103.jpg
572,572,/hostImage/104.jpg
573,573,/hostImage/105.jpg
574,574,/hostImage/106.jpg
575,575,/hostImage/107.jpg
576,576,/hostImage/108.jpg
577,577,/hostImage/109.jpg
578,578,/hostImage/110.jpg
579,579,/hostImage/111.jpg
580,580,/hostImage/112.jpg
581,581,/hostImage/113.jpg
582,582,/hostImage/114.jpg
583,583,/hostImage/115.jpg
584,584,/hostImage/116.jpg
585,585,/hostImage/117.jpg
586,586,/hostImage/1.jpg
587,587,/hostImage/2.jpg
588,588,/hostImage/3.jpg
589,589,/hostImage/4.jpg
590,590,/hostImage/5.jpg
591,591,/hostImage/6.jpg
592,592,/hostImage/7.jpg
593,593,/hostImage/8.jpg
594,594,/hostImage/9.jpg
595,595,/hostImage/10.jpg
596,596,/hostImage/11.jpg
597,597,/hostImage/12.jpg
598,598,/hostImage/13.jpg
599,599,/hostImage/14.jpg
600,600,/hostImage/15.jpg
601,601,/hostImage/16.jpg
602,602,/hostImage/17.jpg
603,603,/hostImage/18.jpg
604,604,/hostImage/19.jpg
605,605,/hostImage/20.jpg
606,606,/hostImage/21.jpg
607,607,/hostImage/22.jpg
608,608,/hostImage/23.jpg
609,609,/hostImage/24.jpg
610,610,/hostImage/25.jpg
611,611,/hostImage/26.jpg
612,612,/hostImage/27.jpg
613,613,/hostImage/28.jpg
614,614,/hostImage/29.jpg
615,615,/hostImage/30.jpg
616,616,/hostImage/31.jpg
617,617,/hostImage/32.jpg
618,618,/hostImage/33.jpg
619,619,/hostImage/34.jpg
620,620,/hostImage/35.jpg
621,621,/hostImage/36.jpg
622,622,/hostImage/37.jpg
623,623,/hostImage/38.jpg
624,624,/hostImage/39.jpg
625,625,/hostImage/40.jpg
626,626,/hostImage/41.jpg
627,627,/hostImage/42.jpg
628,628,/hostImage/43.jpg
629,629,/hostImage/44.jpg
630,630,/hostImage/45.jpg
631,631,/hostImage/46.jpg
632,632,/hostImage/47.jpg
633,633,/hostImage/48.jpg
634,634,/hostImage/49.jpg
635,635,/hostImage/50.jpg
636,636,/hostImage/51.jpg
637,637,/hostImage/52.jpg
638,638,/hostImage/53.jpg
639,639,/hostImage/54.jpg
640,640,/hostImage/55.jpg
641,641,/hostImage/56.jpg
642,642,/hostImage/57.jpg
643,643,/hostImage/58.jpg
644,644,/hostImage/59.jpg
645,645,/hostImage/60.jpg
646,646,/hostImage/61.jpg
647,647,/hostImage/62.jpg
648,648,/hostImage/63.jpg
649,649,/hostImage/64.jpg
650,650,/hostImage/65.jpg
651,651,/hostImage/66.jpg
652,652,/hostImage/67.jpg
653,653,/hostImage/68.jpg
654,654,/hostImage/69.jpg
655,655,/hostImage/70.jpg
656,656,/hostImage/71.jpg
657,657,/hostImage/72.jpg
658,658,/hostImage/73.jpg
659,659,/hostImage/74.jpg
660,660,/hostImage/75.jpg
661,661,/hostImage/76.jpg
662,662,/hostImage/77.jpg
663,663,/hostImage/78.jpg
664,664,/hostImage/79.jpg
665,665,/hostImage/80.jpg
666,666,/hostImage/81.jpg
667,667,/hostImage/82.jpg
668,668,/hostImage/83.jpg
669,669,/hostImage/84.jpg
670,670,/hostImage/85.jpg
671,671,/hostImage/86.jpg
672,672,/hostImage/87.jpg
673,673,/hostImage/88.jpg
674,674,/hostImage/89.jpg
675,675,/hostImage/90.jpg
676,676,/hostImage/91.jpg
677,677,/hostImage/92.jpg
678,678,/hostImage/93.jpg
679,679,/hostImage/94.jpg
680,680,/hostImage/95.jpg
681,681,/hostImage/96.jpg
682,682,/hostImage/97.jpg
683,683,/hostImage/98.jpg
684,684,/hostImage/99.jpg
685,685,/hostImage/100.jpg
686,686,/hostImage/101.jpg
687,687,/hostImage/102.jpg
688,688,/hostImage/103.jpg
689,689,/hostImage/104.jpg
690,690,/hostImage/105.jpg
691,691,/hostImage/106.jpg
692,692,/hostImage/107.jpg
693,693,/hostImage/108.jpg
694,694,/hostImage/109.jpg
695,695,/hostImage/110.jpg
696,696,/hostImage/111.jpg
697,697,/hostImage/112.jpg
698,698,/hostImage/113.jpg
699,699,/hostImage/114.jpg
700,700,/hostImage/115.jpg
701,701,/hostImage/116.jpg
702,702,/hostImage/117.jpg
703,703,/hostImage/1.jpg
704,704,/hostImage/2.jpg
705,705,/hostImage/3.jpg
706,706,/hostImage/4.jpg
707,707,/hostImage/5.jpg
708,708,/hostImage/6.jpg
709,709,/hostImage/7.jpg
710,710,/hostImage/8.jpg
711,711,/hostImage/9.jpg
712,712,/hostImage/10.jpg
713,713,/hostImage/11.jpg
714,714,/hostImage/12.jpg
715,715,/hostImage/13.jpg
716,716,/hostImage/14.jpg
717,717,/hostImage/15.jpg
718,718,/hostImage/16.jpg
719,719,/hostImage/17.jpg
720,720,/hostImage/18.jpg
721,721,/hostImage/19.jpg
722,722,/hostImage/20.jpg
723,723,/hostImage/21.jpg
724,724,/hostImage/22.jpg
725,725,/hostImage/23.jpg
726,726,/hostImage/24.jpg
727,727,/hostImage/25.jpg
728,728,/hostImage/26.jpg
729,729,/hostImage/27.jpg
730,730,/hostImage/28.jpg
731,731,/hostImage/29.jpg
732,732,/hostImage/30.jpg
733,733,/hostImage/31.jpg
734,734,/hostImage/32.jpg
735,735,/hostImage/33.jpg
736,736,/hostImage/34.jpg
737,737,/hostImage/35.jpg
738,738,/hostImage/36.jpg
739,739,/hostImage/37.jpg
740,740,/hostImage/38.jpg
741,741,/hostImage/39.jpg
742,742,/hostImage/40.jpg
743,743,/hostImage/41.jpg
744,744,/hostImage/42.jpg
745,745,/hostImage/43.jpg
746,746,/hostImage/44.jpg
747,747,/hostImage/45.jpg
748,748,/hostImage/46.jpg
749,749,/hostImage/47.jpg
750,750,/hostImage/48.jpg
751,751,/hostImage/49.jpg
752,752,/hostImage/50.jpg
753,753,/hostImage/51.jpg
754,754,/hostImage/52.jpg
755,755,/hostImage/53.jpg
756,756,/hostImage/54.jpg
757,757,/hostImage/55.jpg
758,758,/hostImage/56.jpg
759,759,/hostImage/57.jpg
760,760,/hostImage/58.jpg
761,761,/hostImage/59.jpg
762,762,/hostImage/60.jpg
763,763,/hostImage/61.jpg
764,764,/hostImage/62.jpg
765,765,/hostImage/63.jpg
766,766,/hostImage/64.jpg
767,767,/hostImage/65.jpg
768,768,/hostImage/66.jpg
769,769,/hostImage/67.jpg
770,770,/hostImage/68.jpg
771,771,/hostImage/69.jpg
772,772,/hostImage/70.jpg
773,773,/hostImage/71.jpg
774,774,/hostImage/72.jpg
775,775,/hostImage/73.jpg
776,776,/hostImage/74.jpg
777,777,/hostImage/75.jpg
778,778,/hostImage/76.jpg
779,779,/hostImage/77.jpg
780,780,/hostImage/78.jpg
781,781,/hostImage/79.jpg
782,782,/hostImage/80.jpg
783,783,/hostImage/81.jpg
784,784,/hostImage/82.jpg
785,785,/hostImage/83.jpg
786,786,/hostImage/84.jpg
787,787,/hostImage/85.jpg
788,788,/hostImage/86.jpg
789,789,/hostImage/87.jpg
790,790,/hostImage/88.jpg
791,791,/hostImage/89.jpg
792,792,/hostImage/90.jpg
793,793,/hostImage/91.jpg
794,794,/hostImage/92.jpg
795,795,/hostImage/93.jpg
796,796,/hostImage/94.jpg
797,797,/hostImage/95.jpg
798,798,/hostImage/96.jpg
799,799,/hostImage/97.jpg
800,800,/hostImage/98.jpg
801,801,/hostImage/99.jpg
802,802,/hostImage/100.jpg
803,803,/hostImage/101.jpg
804,804,/hostImage/102.jpg
805,805,/hostImage/103.jpg
806,806,/hostImage/104.jpg
807,807,/hostImage/105.jpg
808,808,/hostImage/106.jpg
809,809,/hostImage/107.jpg
810,810,/hostImage/108.jpg
811,811,/hostImage/109.jpg
812,812,/hostImage/110.jpg
813,813,/hostImage/111.jpg
814,814,/hostImage/112.jpg
815,815,/hostImage/113.jpg
816,816,/hostImage/114.jpg
817,817,/hostImage/115.jpg
818,818,/hostImage/116.jpg
819,819,/hostImage/117.jpg
820,820,/hostImage/1.jpg
821,821,/hostImage/2.jpg
822,822,/hostImage/3.jpg
823,823,/hostImage/4.jpg
824,824,/hostImage/5.jpg
825,825,/hostImage/6.jpg
826,826,/hostImage/7.jpg
827,827,/hostImage/8.jpg
828,828,/hostImage/9.jpg
829,829,/hostImage/10.jpg
830,830,/hostImage/11.jpg
831,831,/hostImage/12.jpg
832,832,/hostImage/13.jpg
833,833,/hostImage/14.jpg
834,834,/hostImage/15.jpg
835,835,/hostImage/16.jpg
836,836,/hostImage/17.jpg
837,837,/hostImage/18.jpg
838,838,/hostImage/19.jpg
839,839,/hostImage/20.jpg
840,840,/hostImage/21.jpg
841,841,/hostImage/22.jpg
842,842,/hostImage/23.jpg
843,843,/hostImage/24.jpg
844,844,/hostImage/25.jpg
845,845,/hostImage/26.jpg
846,846,/hostImage/27.jpg
847,847,/hostImage/28.jpg
848,848,/hostImage/29.jpg
849,849,/hostImage/30.jpg
850,850,/hostImage/31.jpg
851,851,/hostImage/32.jpg
852,852,/hostImage/33.jpg
853,853,/hostImage/34.jpg
854,854,/hostImage/35.jpg
855,855,/hostImage/36.jpg
856,856,/hostImage/37.jpg
857,857,/hostImage/38.jpg
858,858,/hostImage/39.jpg
859,859,/hostImage/40.jpg
860,860,/hostImage/41.jpg
861,861,/hostImage/42.jpg
862,862,/hostImage/43.jpg
863,863,/hostImage/44.jpg
864,864,/hostImage/45.jpg
865,865,/hostImage/46.jpg
866,866,/hostImage/47.jpg
867,867,/hostImage/48.jpg
868,868,/hostImage/49.jpg
869,869,/hostImage/50.jpg
870,870,/hostImage/51.jpg
871,871,/hostImage/52.jpg
872,872,/hostImage/53.jpg
873,873,/hostImage/54.jpg
874,874,/hostImage/55.jpg
875,875,/hostImage/56.jpg
876,876,/hostImage/57.jpg
877,877,/hostImage/58.jpg
878,878,/hostImage/59.jpg
879,879,/hostImage/60.jpg
880,880,/hostImage/61.jpg
881,881,/hostImage/62.jpg
882,882,/hostImage/63.jpg
883,883,/hostImage/64.jpg
884,884,/hostImage/65.jpg
885,885,/hostImage/66.jpg
886,886,/hostImage/67.jpg
887,887,/hostImage/68.jpg
888,888,/hostImage/69.jpg
889,889,/hostImage/70.jpg
890,890,/hostImage/71.jpg
891,891,/hostImage/72.jpg
892,892,/hostImage/73.jpg
893,893,/hostImage/74.jpg
894,894,/hostImage/75.jpg
895,895,/hostImage/76.jpg
896,896,/hostImage/77.jpg
897,897,/hostImage/78.jpg
898,898,/hostImage/79.jpg
899,899,/hostImage/80.jpg
900,900,/hostImage/81.jpg
901,901,/hostImage/82.jpg
902,902,/hostImage/83.jpg
903,903,/hostImage/84.jpg
904,904,/hostImage/85.jpg
905,905,/hostImage/86.jpg
906,906,/hostImage/87.jpg
907,907,/hostImage/88.jpg
908,908,/hostImage/89.jpg
909,909,/hostImage/90.jpg
910,910,/hostImage/91.jpg
911,911,/hostImage/92.jpg
912,912,/hostImage/93.jpg
913,913,/hostImage/94.jpg
914,914,/hostImage/95.jpg
915,915,/hostImage/96.jpg
916,916,/hostImage/97.jpg
917,917,/hostImage/98.jpg
918,918,/hostImage/99.jpg
919,919,/hostImage/100.jpg
920,920,/hostImage/101.jpg
921,921,/hostImage/102.jpg
922,922,/hostImage/103.jpg
923,923,/hostImage/104.jpg
924,924,/hostImage/105.jpg
925,925,/hostImage/106.jpg
926,926,/hostImage/107.jpg
927,927,/hostImage/108.jpg
928,928,/hostImage/109.jpg
929,929,/hostImage/110.jpg
930,930,/hostImage/111.jpg
931,931,/hostImage/112.jpg
932,932,/hostImage/113.jpg
933,933,/hostImage/114.jpg
934,934,/hostImage/115.jpg
935,935,/hostImage/116.jpg
936,936,/hostImage/117.jpg
937,937,/hostImage/1.jpg
938,938,/hostImage/2.jpg
939,939,/hostImage/3.jpg
940,940,/hostImage/4.jpg
941,941,/hostImage/5.jpg
942,942,/hostImage/6.jpg
943,943,/hostImage/7.jpg
944,944,/hostImage/8.jpg
945,945,/hostImage/9.jpg
946,946,/hostImage/10.jpg
947,947,/hostImage/11.jpg
948,948,/hostImage/12.jpg
949,949,/hostImage/13.jpg
950,950,/hostImage/14.jpg
951,951,/hostImage/15.jpg
952,952,/hostImage/16.jpg
953,953,/hostImage/17.jpg
954,954,/hostImage/18.jpg
955,955,/hostImage/19.jpg
956,956,/hostImage/20.jpg
957,957,/hostImage/21.jpg
958,958,/hostImage/22.jpg
959,959,/hostImage/23.jpg
960,960,/hostImage/24.jpg
961,961,/hostImage/25.jpg
962,962,/hostImage/26.jpg
963,963,/hostImage/27.jpg
964,964,/hostImage/28.jpg
965,965,/hostImage/29.jpg
966,966,/hostImage/30.jpg
967,967,/hostImage/31.jpg
968,968,/hostImage/32.jpg
969,969,/hostImage/33.jpg
970,970,/hostImage/34.jpg
971,971,/hostImage/35.jpg
972,972,/hostImage/36.jpg
973,973,/hostImage/37.jpg
974,974,/hostImage/38.jpg
975,975,/hostImage/39.jpg
976,976,/hostImage/40.jpg
977,977,/hostImage/41.jpg
978,978,/hostImage/42.jpg
979,979,/hostImage/43.jpg
980,980,/hostImage/44.jpg
981,981,/hostImage/45.jpg
982,982,/hostImage/46.jpg
983,983,/hostImage/47.jpg
984,984,/hostImage/48.jpg
985,985,/hostImage/49.jpg
986,986,/hostImage/50.jpg
987,987,/hostImage/51.jpg
988,988,/hostImage/52.jpg
989,989,/hostImage/53.jpg
990,990,/hostImage/54.jpg
991,991,/hostImage/55.jpg
992,992,/hostImage/56.jpg
993,993,/hostImage/57.jpg
994,994,/hostImage/58.jpg
995,995,/hostImage/59.jpg
996,996,/hostImage/60.jpg
997,997,/hostImage/61.jpg
998,998,/hostImage/62.jpg
999,999,/hostImage/63.jpg
1000,1000,/hostImage/64.jpg
1001,1001,/hostImage/65.jpg
1002,1002,/hostImage/66.jpg
1003,1003,/hostImage/67.jpg
1004,1004,/hostImage/68.jpg
1005,1005,/hostImage/69.jpg
1006,1006,/hostImage/70.jpg
1007,1007,/hostImage/71.jpg
1008,1008,/hostImage/72.jpg
1009,1009,/hostImage/73.jpg
1010,1010,/hostImage/74.jpg
1011,1011,/hostImage/75.jpg
1012,1012,/hostImage/76.jpg
1013,1013,/hostImage/77.jpg
1014,1014,/hostImage/78.jpg
1015,1015,/hostImage/79.jpg
1016,1016,/hostImage/80.jpg
1017,1017,/hostImage/81.jpg
1018,1018,/hostImage/82.jpg
1019,1019,/hostImage/83.jpg
1020,1020,/hostImage/84.jpg
1021,1021,/hostImage/85.jpg
1022,1022,/hostImage/86.jpg
1023,1023,/hostImage/87.jpg
1024,1024,/hostImage/88.jpg
1025,1025,/hostImage/89.jpg
1026,1026,/hostImage/90.jpg
1027,1027,/hostImage/91.jpg
1028,1028,/hostImage/92.jpg
1029,1029,/hostImage/93.jpg
1030,1030,/hostImage/94.jpg
1031,1031,/hostImage/95.jpg
1032,1032,/hostImage/96.jpg
1033,1033,/hostImage/97.jpg
1034,1034,/hostImage/98.jpg
1035,1035,/hostImage/99.jpg
1036,1036,/hostImage/100.jpg
1037,1037,/hostImage/101.jpg
1038,1038,/hostImage/102.jpg
1039,1039,/hostImage/103.jpg
1040,1040,/hostImage/104.jpg
1041,1041,/hostImage/105.jpg
1042,1042,/hostImage/106.jpg
1043,1043,/hostImage/107.jpg
1044,1044,/hostImage/108.jpg
1045,1045,/hostImage/109.jpg
1046,1046,/hostImage/110.jpg
1047,1047,/hostImage/111.jpg
1048,1048,/hostImage/112.jpg
1049,1049,/hostImage/113.jpg
1050,1050,/hostImage/114.jpg
1051,1051,/hostImage/115.jpg
1052,1052,/hostImage/116.jpg
1053,1053,/hostImage/117.jpg
1054,1054,/hostImage/1.jpg
1055,1055,/hostImage/2.jpg
1056,1056,/hostImage/3.jpg
1057,1057,/hostImage/4.jpg
1058,1058,/hostImage/5.jpg
1059,1059,/hostImage/6.jpg
1060,1060,/hostImage/7.jpg
1061,1061,/hostImage/8.jpg
1062,1062,/hostImage/9.jpg
1063,1063,/hostImage/10.jpg
1064,1064,/hostImage/11.jpg
1065,1065,/hostImage/12.jpg
1066,1066,/hostImage/13.jpg
1067,1067,/hostImage/14.jpg
1068,1068,/hostImage/15.jpg
1069,1069,/hostImage/16.jpg
1070,1070,/hostImage/17.jpg
1071,1071,/hostImage/18.jpg
1072,1072,/hostImage/19.jpg
1073,1073,/hostImage/20.jpg
1074,1074,/hostImage/21.jpg
1075,1075,/hostImage/22.jpg
1076,1076,/hostImage/23.jpg
1077,1077,/hostImage/24.jpg
1078,1078,/hostImage/25.jpg
1079,1079,/hostImage/26.jpg
1080,1080,/hostImage/27.jpg
1081,1081,/hostImage/28.jpg
1082,1082,/hostImage/29.jpg
1083,1083,/hostImage/30.jpg
1084,1084,/hostImage/31.jpg
1085,1085,/hostImage/32.jpg
1086,1086,/hostImage/33.jpg
1087,1087,/hostImage/34.jpg
1088,1088,/hostImage/35.jpg
1089,1089,/hostImage/36.jpg
1090,1090,/hostImage/37.jpg
1091,1091,/hostImage/38.jpg
1092,1092,/hostImage/39.jpg
1093,1093,/hostImage/40.jpg
1094,1094,/hostImage/41.jpg
1095,1095,/hostImage/42.jpg
1096,1096,/hostImage/43.jpg
1097,1097,/hostImage/44.jpg
1098,1098,/hostImage/45.jpg
1099,1099,/hostImage/46.jpg
1100,1100,/hostImage/47.jpg
1101,1101,/hostImage/48.jpg
1102,1102,/hostImage/49.jpg
1103,1103,/hostImage/50.jpg
1104,1104,/hostImage/51.jpg
1105,1105,/hostImage/52.jpg
1106,1106,/hostImage/53.jpg
1107,1107,/hostImage/54.jpg
1108,1108,/hostImage/55.jpg
1109,1109,/hostImage/56.jpg
1110,1110,/hostImage/57.jpg
1111,1111,/hostImage/58.jpg
1112,1112,/hostImage/59.jpg
1113,1113,/hostImage/60.jpg
1114,1114,/hostImage/61.jpg
1115,1115,/hostImage/62.jpg
1116,1116,/hostImage/63.jpg
1117,1117,/hostImage/64.jpg
1118,1118,/hostImage/65.jpg
1119,1119,/hostImage/66.jpg
1120,1120,/hostImage/67.jpg
1121,1121,/hostImage/68.jpg
1122,1122,/hostImage/69.jpg
1123,1123,/hostImage/70.jpg
1124,1124,/hostImage/71.jpg
1125,1125,/hostImage/72.jpg
1126,1126,/hostImage/73.jpg
1127,1127,/hostImage/74.jpg
1128,1128,/hostImage/75.jpg
1129,1129,/hostImage/76.jpg
1130,1130,/hostImage/77.jpg
1131,1131,/hostImage/78.jpg
1132,1132,/hostImage/79.jpg
1133,1133,/hostImage/80.jpg
1134,1134,/hostImage/81.jpg
1135,1135,/hostImage/82.jpg
1136,1136,/hostImage/83.jpg
1137,1137,/hostImage/84.jpg
1138,1138,/hostImage/85.jpg
1139,1139,/hostImage/86.jpg
1140,1140,/hostImage/87.jpg
1141,1141,/hostImage/88.jpg
1142,1142,/hostImage/89.jpg
1143,1143,/hostImage/90.jpg
1144,1144,/hostImage/91.jpg
1145,1145,/hostImage/92.jpg
1146,1146,/hostImage/93.jpg
1147,1147,/hostImage/94.jpg
1148,1148,/hostImage/95.jpg
1149,1149,/hostImage/96.jpg
1150,1150,/hostImage/97.jpg
1151,1151,/hostImage/98.jpg
1152,1152,/hostImage/99.jpg
1153,1153,/hostImage/100.jpg
1154,1154,/hostImage/101.jpg
1155,1155,/hostImage/102.jpg
1156,1156,/hostImage/103.jpg
1157,1157,/hostImage/104.jpg
1158,1158,/hostImage/105.jpg
1159,1159,/hostImage/106.jpg
1160,1160,/hostImage/107.jpg
1161,1161,/hostImage/108.jpg
1162,1162,/hostImage/109.jpg
1163,1163,/hostImage/110.jpg
1164,1164,/hostImage/111.jpg
1165,1165,/hostImage/112.jpg
1166,1166,/hostImage/113.jpg
1167,1167,/hostImage/114.jpg
1168,1168,/hostImage/115.jpg
1169,1169,/hostImage/116.jpg
1170,1170,/hostImage/117.jpg
1171,1171,/hostImage/1.jpg
1172,1172,/hostImage/2.jpg
1173,1173,/hostImage/3.jpg
1174,1174,/hostImage/4.jpg
1175,1175,/hostImage/5.jpg
1176,1176,/hostImage/6.jpg
1177,1177,/hostImage/7.jpg
1178,1178,/hostImage/8.jpg
1179,1179,/hostImage/9.jpg
1180,1180,/hostImage/10.jpg
1181,1181,/hostImage/11.jpg
1182,1182,/hostImage/12.jpg
1183,1183,/hostImage/13.jpg
1184,1184,/hostImage/14.jpg
1185,1185,/hostImage/15.jpg
1186,1186,/hostImage/16.jpg
1187,1187,/hostImage/17.jpg
1188,1188,/hostImage/18.jpg
1189,1189,/hostImage/19.jpg
1190,1190,/hostImage/20.jpg
1191,1191,/hostImage/21.jpg
1192,1192,/hostImage/22.jpg
1193,1193,/hostImage/23.jpg
1194,1194,/hostImage/24.jpg
1195,1195,/hostImage/25.jpg
1196,1196,/hostImage/26.jpg
1197,1197,/hostImage/27.jpg
1198,1198,/hostImage/28.jpg
1199,1199,/hostImage/29.jpg
1200,1200,/hostImage/30.jpg
1201,1201,/hostImage/31.jpg
1202,1202,/hostImage/32.jpg
1203,1203,/hostImage/33.jpg
1204,1204,/hostImage/34.jpg
1205,1205,/hostImage/35.jpg
1206,1206,/hostImage/36.jpg
1207,1207,/hostImage/37.jpg
1208,1208,/hostImage/38.jpg
1209,1209,/hostImage/39.jpg
1210,1210,/hostImage/40.jpg
1211,1211,/hostImage/41.jpg
1212,1212,/hostImage/42.jpg
1213,1213,/hostImage/43.jpg
1214,1214,/hostImage/44.jpg
1215,1215,/hostImage/45.jpg
1216,1216,/hostImage/46.jpg
1217,1217,/hostImage/47.jpg
1218,1218,/hostImage/48.jpg
1219,1219,/hostImage/49.jpg
1220,1220,/hostImage/50.jpg
1221,1221,/hostImage/51.jpg
1222,1222,/hostImage/52.jpg
1223,1223,/hostImage/53.jpg
1224,1224,/hostImage/54.jpg
1225,1225,/hostImage/55.jpg
1226,1226,/hostImage/56.jpg
1227,1227,/hostImage/57.jpg
1228,1228,/hostImage/58.jpg
1229,1229,/hostImage/59.jpg
1230,1230,/hostImage/60.jpg
1231,1231,/hostImage/61.jpg
1232,1232,/hostImage/62.jpg
1233,1233,/hostImage/63.jpg
1234,1234,/hostImage/64.jpg
1235,1235,/hostImage/65.jpg
1236,1236,/hostImage/66.jpg
1237,1237,/hostImage/67.jpg
1238,1238,/hostImage/68.jpg
1239,1239,/hostImage/69.jpg
1240,1240,/hostImage/70.jpg
1241,1241,/hostImage/71.jpg
1242,1242,/hostImage/72.jpg
1243,1243,/hostImage/73.jpg
1244,1244,/hostImage/74.jpg
1245,1245,/hostImage/75.jpg
1246,1246,/hostImage/76.jpg
1247,1247,/hostImage/77.jpg
1248,1248,/hostImage/78.jpg
1249,1249,/hostImage/79.jpg
1250,1250,/hostImage/80.jpg
1251,1251,/hostImage/81.jpg
1252,1252,/hostImage/82.jpg
1253,1253,/hostImage/83.jpg
1254,1254,/hostImage/84.jpg
1255,1255,/hostImage/85.jpg
1256,1256,/hostImage/86.jpg
1257,1257,/hostImage/87.jpg
1258,1258,/hostImage/88.jpg
1259,1259,/hostImage/89.jpg
1260,1260,/hostImage/90.jpg
1261,1261,/hostImage/91.jpg
1262,1262,/hostImage/92.jpg
1263,1263,/hostImage/93.jpg
1264,1264,/hostImage/94.jpg
