name,code,message
Error,404,
Error,404,
Error,404,
Error,404,
Error,404,
Error,404,
Error,404,
Error,404,
Error,404,
Error,404,
Error,404,
Error,404,
Error,404,
Error,404,
Error,404,
Error,404,
Error,404,
Error,404,
Error,404,
Error,404,
Error,404,
Error,404,
Error,404,
Error,404,
Error,404,
Error,404,
Error,404,
Error,404,
Error,404,
Error,404,
Error,404,
Error,404,
Error,404,
Error,404,
Error,404,
Error,404,
Error,404,
Error,404,
Error,404,
Error,404,
Error,404,
Error,404,
Error,404,
Error,404,
Error,404,
Error,404,
Error,404,
Error,404,
Error,404,
Error,404,
Error,404,
Error,404,
Error,404,
Error,404,
Error,404,
Error,404,
Error,404,
Error,404,
Error,404,
Error,404,
Error,404,
Error,404,
Error,404,
Error,404,
Error,404,
Error,404,
Error,404,
Error,404,
Error,404,
Error,404,
Error,404,
Error,404,
Error,404,
Error,404,
Error,404,
Error,404,
Error,404,
Error,404,
Error,404,
Error,404,
Error,404,
Error,404,
Error,404,
Error,404,
Error,404,
Error,404,
Error,404,
Error,404,
Error,404,
Error,404,
Error,404,
Error,404,
Error,404,
Error,404,
Error,404,
Error,404,
Error,404,
Error,404,
Error,404,
Error,404,
Error,404,
Error,404,
Error,404,
Error,404,
Error,404,
Error,404,
Error,404,
Error,404,
Error,404,
Error,404,
Error,404,
Error,404,
Error,404,
Error,404,
Error,404,
Error,404,
Error,404,
Error,404,
Error,404,
Error,404,
Error,404,
Error,404,
Error,404,
Error,404,
Error,404,
Error,404,
Error,404,
Error,404,
Error,404,
Error,404,
Error,404,
Error,404,
Error,404,
Error,404,
Error,404,
Error,404,
Error,404,
Error,404,
Error,404,
Error,404,
Error,404,
Error,404,
Error,404,
Error,404,
Error,404,
Error,404,
Error,404,
Error,404,
Error,404,
Error,404,
Error,404,
Error,404,
Error,404,
Error,404,
Error,404,
Error,404,
Error,404,
Error,404,
Error,404,
Error,404,
Error,404,
Error,404,
Error,404,
Error,404,
Error,404,
Error,404,
Error,404,
Error,404,
Error,404,
Error,404,
Error,404,
Error,404,
Error,404,
Error,404,
Error,404,
Error,404,
Error,404,
Error,404,
Error,404,
Error,404,
Error,404,
Error,404,
Error,404,
Error,404,
Error,404,
Error,404,
Error,404,
Error,404,
Error,404,
Error,404,
Error,404,
Error,404,
Error,404,
Error,404,
Error,404,
Error,404,
Error,404,
Error,404,
Error,404,
Error,404,
Error,404,
Error,404,
Error,404,
Error,404,
Error,404,
Error,404,
Error,404,
Error,404,
Error,404,
Error,404,
Error,404,
Error,404,
Error,404,
Error,404,
Error,404,
Error,404,
Error,404,
Error,404,
Error,404,
Error,404,
Error,404,
Error,404,
Error,404,
Error,404,
Error,404,
Error,404,
Error,404,
Error,404,
Error,404,
Error,404,
Error,404,
Error,404,
Error,404,
Error,404,
Error,404,
Error,404,
Error,404,
Error,404,
Error,404,
Error,404,
Error,404,
Error,404,
Error,404,
Error,404,
Error,404,
Error,404,
Error,404,
Error,404,
Error,404,
Error,404,
Error,404,
Error,404,
Error,404,
Error,404,
Error,404,
Error,404,
Error,404,
Error,404,
Error,404,
Error,404,
Error,404,
Error,404,
Error,404,
Error,404,
Error,404,
Error,404,
Error,404,
Error,404,
Error,404,
Error,404,
Error,404,
Error,404,
Error,404,
Error,404,
Error,404,
Error,404,
Error,404,
Error,404,
Error,404,
Error,404,
Error,404,
Error,404,
Error,404,
Error,404,
Error,404,
Error,404,
Error,404,
Error,404,
Error,404,
Error,404,
Error,404,
Error,404,
Error,404,
Error,404,
Error,404,
Error,404,
Error,404,
Error,404,
