1,나중에 url형식에 맞게,1
2,나중에 url형식에 맞게,2
3,나중에 url형식에 맞게,3
4,나중에 url형식에 맞게,4
5,나중에 url형식에 맞게,5
6,나중에 url형식에 맞게,6
7,나중에 url형식에 맞게,7
8,나중에 url형식에 맞게,8
9,나중에 url형식에 맞게,9
10,나중에 url형식에 맞게,10
11,나중에 url형식에 맞게,11
12,나중에 url형식에 맞게,12
13,나중에 url형식에 맞게,13
14,나중에 url형식에 맞게,14
15,나중에 url형식에 맞게,15
16,나중에 url형식에 맞게,16
17,나중에 url형식에 맞게,17
18,나중에 url형식에 맞게,18
19,나중에 url형식에 맞게,19
20,나중에 url형식에 맞게,20
21,나중에 url형식에 맞게,21
22,나중에 url형식에 맞게,22
23,나중에 url형식에 맞게,23
24,나중에 url형식에 맞게,24
25,나중에 url형식에 맞게,25
26,나중에 url형식에 맞게,26
27,나중에 url형식에 맞게,27
28,나중에 url형식에 맞게,28
29,나중에 url형식에 맞게,29
30,나중에 url형식에 맞게,30
31,나중에 url형식에 맞게,31
32,나중에 url형식에 맞게,32
33,나중에 url형식에 맞게,33
34,나중에 url형식에 맞게,34
35,나중에 url형식에 맞게,35
36,나중에 url형식에 맞게,36
37,나중에 url형식에 맞게,37
38,나중에 url형식에 맞게,38
39,나중에 url형식에 맞게,39
40,나중에 url형식에 맞게,40
41,나중에 url형식에 맞게,41
42,나중에 url형식에 맞게,42
43,나중에 url형식에 맞게,43
44,나중에 url형식에 맞게,44
45,나중에 url형식에 맞게,45
46,나중에 url형식에 맞게,46
47,나중에 url형식에 맞게,47
48,나중에 url형식에 맞게,48
49,나중에 url형식에 맞게,49
50,나중에 url형식에 맞게,50
51,나중에 url형식에 맞게,51
52,나중에 url형식에 맞게,52
53,나중에 url형식에 맞게,53
54,나중에 url형식에 맞게,54
55,나중에 url형식에 맞게,55
56,나중에 url형식에 맞게,56
57,나중에 url형식에 맞게,57
58,나중에 url형식에 맞게,58
59,나중에 url형식에 맞게,59
60,나중에 url형식에 맞게,60
61,나중에 url형식에 맞게,61
62,나중에 url형식에 맞게,62
63,나중에 url형식에 맞게,63
64,나중에 url형식에 맞게,64
65,나중에 url형식에 맞게,65
66,나중에 url형식에 맞게,66
67,나중에 url형식에 맞게,67
68,나중에 url형식에 맞게,68
69,나중에 url형식에 맞게,69
70,나중에 url형식에 맞게,70
71,나중에 url형식에 맞게,71
72,나중에 url형식에 맞게,72
73,나중에 url형식에 맞게,73
74,나중에 url형식에 맞게,74
75,나중에 url형식에 맞게,75
76,나중에 url형식에 맞게,76
77,나중에 url형식에 맞게,77
78,나중에 url형식에 맞게,78
79,나중에 url형식에 맞게,79
80,나중에 url형식에 맞게,80
81,나중에 url형식에 맞게,81
82,나중에 url형식에 맞게,82
83,나중에 url형식에 맞게,83
84,나중에 url형식에 맞게,84
85,나중에 url형식에 맞게,85
86,나중에 url형식에 맞게,86
87,나중에 url형식에 맞게,87
88,나중에 url형식에 맞게,88
89,나중에 url형식에 맞게,89
90,나중에 url형식에 맞게,90
91,나중에 url형식에 맞게,91
92,나중에 url형식에 맞게,92
93,나중에 url형식에 맞게,93
94,나중에 url형식에 맞게,94
95,나중에 url형식에 맞게,95
96,나중에 url형식에 맞게,96
97,나중에 url형식에 맞게,97
98,나중에 url형식에 맞게,98
99,나중에 url형식에 맞게,99
100,나중에 url형식에 맞게,100
101,나중에 url형식에 맞게,101
102,나중에 url형식에 맞게,102
103,나중에 url형식에 맞게,103
104,나중에 url형식에 맞게,104
105,나중에 url형식에 맞게,105
106,나중에 url형식에 맞게,106
107,나중에 url형식에 맞게,107
108,나중에 url형식에 맞게,108
109,나중에 url형식에 맞게,109
110,나중에 url형식에 맞게,110
111,나중에 url형식에 맞게,111
112,나중에 url형식에 맞게,112
113,나중에 url형식에 맞게,113
114,나중에 url형식에 맞게,114
115,나중에 url형식에 맞게,115
116,나중에 url형식에 맞게,116
117,나중에 url형식에 맞게,117
118,나중에 url형식에 맞게,118
119,나중에 url형식에 맞게,119
120,나중에 url형식에 맞게,120
121,나중에 url형식에 맞게,121
122,나중에 url형식에 맞게,122
123,나중에 url형식에 맞게,123
124,나중에 url형식에 맞게,124
125,나중에 url형식에 맞게,125
126,나중에 url형식에 맞게,126
127,나중에 url형식에 맞게,127
128,나중에 url형식에 맞게,128
129,나중에 url형식에 맞게,129
130,나중에 url형식에 맞게,130
131,나중에 url형식에 맞게,131
132,나중에 url형식에 맞게,132
133,나중에 url형식에 맞게,133
134,나중에 url형식에 맞게,134
135,나중에 url형식에 맞게,135
136,나중에 url형식에 맞게,136
137,나중에 url형식에 맞게,137
138,나중에 url형식에 맞게,138
139,나중에 url형식에 맞게,139
140,나중에 url형식에 맞게,140
141,나중에 url형식에 맞게,141
142,나중에 url형식에 맞게,142
143,나중에 url형식에 맞게,143
144,나중에 url형식에 맞게,144
145,나중에 url형식에 맞게,145
146,나중에 url형식에 맞게,146
147,나중에 url형식에 맞게,147
148,나중에 url형식에 맞게,148
149,나중에 url형식에 맞게,149
150,나중에 url형식에 맞게,150
151,나중에 url형식에 맞게,151
152,나중에 url형식에 맞게,152
153,나중에 url형식에 맞게,153
154,나중에 url형식에 맞게,154
155,나중에 url형식에 맞게,155
156,나중에 url형식에 맞게,156
157,나중에 url형식에 맞게,157
158,나중에 url형식에 맞게,158
159,나중에 url형식에 맞게,159
160,나중에 url형식에 맞게,160
161,나중에 url형식에 맞게,161
162,나중에 url형식에 맞게,162
163,나중에 url형식에 맞게,163
164,나중에 url형식에 맞게,164
165,나중에 url형식에 맞게,165
166,나중에 url형식에 맞게,166
167,나중에 url형식에 맞게,167
168,나중에 url형식에 맞게,168
169,나중에 url형식에 맞게,169
170,나중에 url형식에 맞게,170
171,나중에 url형식에 맞게,171
172,나중에 url형식에 맞게,172
173,나중에 url형식에 맞게,173
174,나중에 url형식에 맞게,174
175,나중에 url형식에 맞게,175
176,나중에 url형식에 맞게,176
177,나중에 url형식에 맞게,177
178,나중에 url형식에 맞게,178
179,나중에 url형식에 맞게,179
180,나중에 url형식에 맞게,180
181,나중에 url형식에 맞게,181
182,나중에 url형식에 맞게,182
183,나중에 url형식에 맞게,183
184,나중에 url형식에 맞게,184
185,나중에 url형식에 맞게,185
186,나중에 url형식에 맞게,186
187,나중에 url형식에 맞게,187
188,나중에 url형식에 맞게,188
189,나중에 url형식에 맞게,189
190,나중에 url형식에 맞게,190
191,나중에 url형식에 맞게,191
192,나중에 url형식에 맞게,192
193,나중에 url형식에 맞게,193
194,나중에 url형식에 맞게,194
195,나중에 url형식에 맞게,195
196,나중에 url형식에 맞게,196
197,나중에 url형식에 맞게,197
198,나중에 url형식에 맞게,198
199,나중에 url형식에 맞게,199
200,나중에 url형식에 맞게,200
201,나중에 url형식에 맞게,201
202,나중에 url형식에 맞게,202
203,나중에 url형식에 맞게,203
204,나중에 url형식에 맞게,204
205,나중에 url형식에 맞게,205
206,나중에 url형식에 맞게,206
207,나중에 url형식에 맞게,207
208,나중에 url형식에 맞게,208
209,나중에 url형식에 맞게,209
210,나중에 url형식에 맞게,210
211,나중에 url형식에 맞게,211
212,나중에 url형식에 맞게,212
213,나중에 url형식에 맞게,213
214,나중에 url형식에 맞게,214
215,나중에 url형식에 맞게,215
216,나중에 url형식에 맞게,216
217,나중에 url형식에 맞게,217
218,나중에 url형식에 맞게,218
219,나중에 url형식에 맞게,219
220,나중에 url형식에 맞게,220
221,나중에 url형식에 맞게,221
222,나중에 url형식에 맞게,222
223,나중에 url형식에 맞게,223
224,나중에 url형식에 맞게,224
225,나중에 url형식에 맞게,225
226,나중에 url형식에 맞게,226
227,나중에 url형식에 맞게,227
228,나중에 url형식에 맞게,228
229,나중에 url형식에 맞게,229
230,나중에 url형식에 맞게,230
231,나중에 url형식에 맞게,231
232,나중에 url형식에 맞게,232
233,나중에 url형식에 맞게,233
234,나중에 url형식에 맞게,234
235,나중에 url형식에 맞게,235
236,나중에 url형식에 맞게,236
237,나중에 url형식에 맞게,237
238,나중에 url형식에 맞게,238
239,나중에 url형식에 맞게,239
240,나중에 url형식에 맞게,240
241,나중에 url형식에 맞게,241
242,나중에 url형식에 맞게,242
243,나중에 url형식에 맞게,243
244,나중에 url형식에 맞게,244
245,나중에 url형식에 맞게,245
246,나중에 url형식에 맞게,246
247,나중에 url형식에 맞게,247
248,나중에 url형식에 맞게,248
249,나중에 url형식에 맞게,249
250,나중에 url형식에 맞게,250
251,나중에 url형식에 맞게,251
252,나중에 url형식에 맞게,252
253,나중에 url형식에 맞게,253
254,나중에 url형식에 맞게,254
255,나중에 url형식에 맞게,255
256,나중에 url형식에 맞게,256
257,나중에 url형식에 맞게,257
258,나중에 url형식에 맞게,258
259,나중에 url형식에 맞게,259
260,나중에 url형식에 맞게,260
261,나중에 url형식에 맞게,261
262,나중에 url형식에 맞게,262
263,나중에 url형식에 맞게,263
264,나중에 url형식에 맞게,264
265,나중에 url형식에 맞게,265
266,나중에 url형식에 맞게,266
267,나중에 url형식에 맞게,267
268,나중에 url형식에 맞게,268
269,나중에 url형식에 맞게,269
270,나중에 url형식에 맞게,270
271,나중에 url형식에 맞게,271
272,나중에 url형식에 맞게,272
273,나중에 url형식에 맞게,273
274,나중에 url형식에 맞게,274
275,나중에 url형식에 맞게,275
276,나중에 url형식에 맞게,276
277,나중에 url형식에 맞게,277
278,나중에 url형식에 맞게,278
279,나중에 url형식에 맞게,279
280,나중에 url형식에 맞게,280
281,나중에 url형식에 맞게,281
282,나중에 url형식에 맞게,282
283,나중에 url형식에 맞게,283
284,나중에 url형식에 맞게,284
285,나중에 url형식에 맞게,285
286,나중에 url형식에 맞게,286
287,나중에 url형식에 맞게,287
288,나중에 url형식에 맞게,288
289,나중에 url형식에 맞게,289
290,나중에 url형식에 맞게,290
291,나중에 url형식에 맞게,291
292,나중에 url형식에 맞게,292
293,나중에 url형식에 맞게,293
294,나중에 url형식에 맞게,294
295,나중에 url형식에 맞게,295
296,나중에 url형식에 맞게,296
297,나중에 url형식에 맞게,297
298,나중에 url형식에 맞게,298
299,나중에 url형식에 맞게,299
300,나중에 url형식에 맞게,300
301,나중에 url형식에 맞게,301
302,나중에 url형식에 맞게,302
303,나중에 url형식에 맞게,303
304,나중에 url형식에 맞게,304
305,나중에 url형식에 맞게,305
306,나중에 url형식에 맞게,306
307,나중에 url형식에 맞게,307
308,나중에 url형식에 맞게,308
309,나중에 url형식에 맞게,309
310,나중에 url형식에 맞게,310
311,나중에 url형식에 맞게,311
312,나중에 url형식에 맞게,312
313,나중에 url형식에 맞게,313
314,나중에 url형식에 맞게,314
315,나중에 url형식에 맞게,315
316,나중에 url형식에 맞게,316
317,나중에 url형식에 맞게,317
318,나중에 url형식에 맞게,318
319,나중에 url형식에 맞게,319
320,나중에 url형식에 맞게,320
321,나중에 url형식에 맞게,321
322,나중에 url형식에 맞게,322
323,나중에 url형식에 맞게,323
324,나중에 url형식에 맞게,324
325,나중에 url형식에 맞게,325
326,나중에 url형식에 맞게,326
327,나중에 url형식에 맞게,327
328,나중에 url형식에 맞게,328
329,나중에 url형식에 맞게,329
330,나중에 url형식에 맞게,330
331,나중에 url형식에 맞게,331
332,나중에 url형식에 맞게,332
333,나중에 url형식에 맞게,333
334,나중에 url형식에 맞게,334
335,나중에 url형식에 맞게,335
336,나중에 url형식에 맞게,336
337,나중에 url형식에 맞게,337
338,나중에 url형식에 맞게,338
339,나중에 url형식에 맞게,339
340,나중에 url형식에 맞게,340
341,나중에 url형식에 맞게,341
342,나중에 url형식에 맞게,342
343,나중에 url형식에 맞게,343
344,나중에 url형식에 맞게,344
345,나중에 url형식에 맞게,345
346,나중에 url형식에 맞게,346
347,나중에 url형식에 맞게,347
348,나중에 url형식에 맞게,348
349,나중에 url형식에 맞게,349
350,나중에 url형식에 맞게,350
351,나중에 url형식에 맞게,351
352,나중에 url형식에 맞게,352
353,나중에 url형식에 맞게,353
354,나중에 url형식에 맞게,354
355,나중에 url형식에 맞게,355
356,나중에 url형식에 맞게,356
357,나중에 url형식에 맞게,357
358,나중에 url형식에 맞게,358
359,나중에 url형식에 맞게,359
360,나중에 url형식에 맞게,360
361,나중에 url형식에 맞게,361
362,나중에 url형식에 맞게,362
363,나중에 url형식에 맞게,363
364,나중에 url형식에 맞게,364
365,나중에 url형식에 맞게,365
366,나중에 url형식에 맞게,366
367,나중에 url형식에 맞게,367
368,나중에 url형식에 맞게,368
369,나중에 url형식에 맞게,369
370,나중에 url형식에 맞게,370
371,나중에 url형식에 맞게,371
372,나중에 url형식에 맞게,372
373,나중에 url형식에 맞게,373
374,나중에 url형식에 맞게,374
375,나중에 url형식에 맞게,375
376,나중에 url형식에 맞게,376
377,나중에 url형식에 맞게,377
378,나중에 url형식에 맞게,378
379,나중에 url형식에 맞게,379
380,나중에 url형식에 맞게,380
381,나중에 url형식에 맞게,381
382,나중에 url형식에 맞게,382
383,나중에 url형식에 맞게,383
384,나중에 url형식에 맞게,384
385,나중에 url형식에 맞게,385
386,나중에 url형식에 맞게,386
387,나중에 url형식에 맞게,387
388,나중에 url형식에 맞게,388
389,나중에 url형식에 맞게,389
390,나중에 url형식에 맞게,390
391,나중에 url형식에 맞게,391
392,나중에 url형식에 맞게,392
393,나중에 url형식에 맞게,393
394,나중에 url형식에 맞게,394
395,나중에 url형식에 맞게,395
396,나중에 url형식에 맞게,396
397,나중에 url형식에 맞게,397
398,나중에 url형식에 맞게,398
399,나중에 url형식에 맞게,399
400,나중에 url형식에 맞게,400
401,나중에 url형식에 맞게,401
402,나중에 url형식에 맞게,402
403,나중에 url형식에 맞게,403
404,나중에 url형식에 맞게,404
405,나중에 url형식에 맞게,405
406,나중에 url형식에 맞게,406
407,나중에 url형식에 맞게,407
408,나중에 url형식에 맞게,408
409,나중에 url형식에 맞게,409
410,나중에 url형식에 맞게,410
411,나중에 url형식에 맞게,411
412,나중에 url형식에 맞게,412
413,나중에 url형식에 맞게,413
414,나중에 url형식에 맞게,414
415,나중에 url형식에 맞게,415
416,나중에 url형식에 맞게,416
417,나중에 url형식에 맞게,417
418,나중에 url형식에 맞게,418
419,나중에 url형식에 맞게,419
420,나중에 url형식에 맞게,420
421,나중에 url형식에 맞게,421
422,나중에 url형식에 맞게,422
423,나중에 url형식에 맞게,423
424,나중에 url형식에 맞게,424
425,나중에 url형식에 맞게,425
426,나중에 url형식에 맞게,426
427,나중에 url형식에 맞게,427
428,나중에 url형식에 맞게,428
429,나중에 url형식에 맞게,429
430,나중에 url형식에 맞게,430
431,나중에 url형식에 맞게,431
432,나중에 url형식에 맞게,432
433,나중에 url형식에 맞게,433
434,나중에 url형식에 맞게,434
435,나중에 url형식에 맞게,435
436,나중에 url형식에 맞게,436
437,나중에 url형식에 맞게,437
438,나중에 url형식에 맞게,438
439,나중에 url형식에 맞게,439
440,나중에 url형식에 맞게,440
441,나중에 url형식에 맞게,441
442,나중에 url형식에 맞게,442
443,나중에 url형식에 맞게,443
444,나중에 url형식에 맞게,444
445,나중에 url형식에 맞게,445
446,나중에 url형식에 맞게,446
447,나중에 url형식에 맞게,447
448,나중에 url형식에 맞게,448
449,나중에 url형식에 맞게,449
450,나중에 url형식에 맞게,450
451,나중에 url형식에 맞게,451
452,나중에 url형식에 맞게,452
453,나중에 url형식에 맞게,453
454,나중에 url형식에 맞게,454
455,나중에 url형식에 맞게,455
456,나중에 url형식에 맞게,456
457,나중에 url형식에 맞게,457
458,나중에 url형식에 맞게,458
459,나중에 url형식에 맞게,459
460,나중에 url형식에 맞게,460
461,나중에 url형식에 맞게,461
462,나중에 url형식에 맞게,462
463,나중에 url형식에 맞게,463
464,나중에 url형식에 맞게,464
465,나중에 url형식에 맞게,465
466,나중에 url형식에 맞게,466
467,나중에 url형식에 맞게,467
468,나중에 url형식에 맞게,468
469,나중에 url형식에 맞게,469
470,나중에 url형식에 맞게,470
471,나중에 url형식에 맞게,471
472,나중에 url형식에 맞게,472
473,나중에 url형식에 맞게,473
474,나중에 url형식에 맞게,474
475,나중에 url형식에 맞게,475
476,나중에 url형식에 맞게,476
477,나중에 url형식에 맞게,477
478,나중에 url형식에 맞게,478
479,나중에 url형식에 맞게,479
480,나중에 url형식에 맞게,480
481,나중에 url형식에 맞게,481
482,나중에 url형식에 맞게,482
483,나중에 url형식에 맞게,483
484,나중에 url형식에 맞게,484
485,나중에 url형식에 맞게,485
486,나중에 url형식에 맞게,486
487,나중에 url형식에 맞게,487
488,나중에 url형식에 맞게,488
489,나중에 url형식에 맞게,489
490,나중에 url형식에 맞게,490
491,나중에 url형식에 맞게,491
492,나중에 url형식에 맞게,492
493,나중에 url형식에 맞게,493
494,나중에 url형식에 맞게,494
495,나중에 url형식에 맞게,495
496,나중에 url형식에 맞게,496
497,나중에 url형식에 맞게,497
498,나중에 url형식에 맞게,498
499,나중에 url형식에 맞게,499
500,나중에 url형식에 맞게,500
501,나중에 url형식에 맞게,501
502,나중에 url형식에 맞게,502
503,나중에 url형식에 맞게,503
504,나중에 url형식에 맞게,504
505,나중에 url형식에 맞게,505
506,나중에 url형식에 맞게,506
507,나중에 url형식에 맞게,507
508,나중에 url형식에 맞게,508
509,나중에 url형식에 맞게,509
510,나중에 url형식에 맞게,510
511,나중에 url형식에 맞게,511
512,나중에 url형식에 맞게,512
513,나중에 url형식에 맞게,513
514,나중에 url형식에 맞게,514
515,나중에 url형식에 맞게,515
516,나중에 url형식에 맞게,516
517,나중에 url형식에 맞게,517
518,나중에 url형식에 맞게,518
519,나중에 url형식에 맞게,519
520,나중에 url형식에 맞게,520
521,나중에 url형식에 맞게,521
522,나중에 url형식에 맞게,522
523,나중에 url형식에 맞게,523
524,나중에 url형식에 맞게,524
525,나중에 url형식에 맞게,525
526,나중에 url형식에 맞게,526
527,나중에 url형식에 맞게,527
528,나중에 url형식에 맞게,528
529,나중에 url형식에 맞게,529
530,나중에 url형식에 맞게,530
531,나중에 url형식에 맞게,531
532,나중에 url형식에 맞게,532
533,나중에 url형식에 맞게,533
534,나중에 url형식에 맞게,534
535,나중에 url형식에 맞게,535
536,나중에 url형식에 맞게,536
537,나중에 url형식에 맞게,537
538,나중에 url형식에 맞게,538
539,나중에 url형식에 맞게,539
540,나중에 url형식에 맞게,540
541,나중에 url형식에 맞게,541
542,나중에 url형식에 맞게,542
543,나중에 url형식에 맞게,543
544,나중에 url형식에 맞게,544
545,나중에 url형식에 맞게,545
546,나중에 url형식에 맞게,546
547,나중에 url형식에 맞게,547
548,나중에 url형식에 맞게,548
549,나중에 url형식에 맞게,549
550,나중에 url형식에 맞게,550
551,나중에 url형식에 맞게,551
552,나중에 url형식에 맞게,552
553,나중에 url형식에 맞게,553
554,나중에 url형식에 맞게,554
555,나중에 url형식에 맞게,555
556,나중에 url형식에 맞게,556
557,나중에 url형식에 맞게,557
558,나중에 url형식에 맞게,558
559,나중에 url형식에 맞게,559
560,나중에 url형식에 맞게,560
561,나중에 url형식에 맞게,561
562,나중에 url형식에 맞게,562
563,나중에 url형식에 맞게,563
564,나중에 url형식에 맞게,564
565,나중에 url형식에 맞게,565
566,나중에 url형식에 맞게,566
567,나중에 url형식에 맞게,567
568,나중에 url형식에 맞게,568
569,나중에 url형식에 맞게,569
570,나중에 url형식에 맞게,570
571,나중에 url형식에 맞게,571
572,나중에 url형식에 맞게,572
573,나중에 url형식에 맞게,573
574,나중에 url형식에 맞게,574
575,나중에 url형식에 맞게,575
576,나중에 url형식에 맞게,576
577,나중에 url형식에 맞게,577
578,나중에 url형식에 맞게,578
579,나중에 url형식에 맞게,579
580,나중에 url형식에 맞게,580
581,나중에 url형식에 맞게,581
582,나중에 url형식에 맞게,582
583,나중에 url형식에 맞게,583
584,나중에 url형식에 맞게,584
585,나중에 url형식에 맞게,585
586,나중에 url형식에 맞게,586
587,나중에 url형식에 맞게,587
588,나중에 url형식에 맞게,588
589,나중에 url형식에 맞게,589
590,나중에 url형식에 맞게,590
591,나중에 url형식에 맞게,591
592,나중에 url형식에 맞게,592
593,나중에 url형식에 맞게,593
594,나중에 url형식에 맞게,594
595,나중에 url형식에 맞게,595
596,나중에 url형식에 맞게,596
597,나중에 url형식에 맞게,597
598,나중에 url형식에 맞게,598
599,나중에 url형식에 맞게,599
600,나중에 url형식에 맞게,600
601,나중에 url형식에 맞게,601
602,나중에 url형식에 맞게,602
603,나중에 url형식에 맞게,603
604,나중에 url형식에 맞게,604
605,나중에 url형식에 맞게,605
606,나중에 url형식에 맞게,606
607,나중에 url형식에 맞게,607
608,나중에 url형식에 맞게,608
609,나중에 url형식에 맞게,609
610,나중에 url형식에 맞게,610
611,나중에 url형식에 맞게,611
612,나중에 url형식에 맞게,612
613,나중에 url형식에 맞게,613
614,나중에 url형식에 맞게,614
615,나중에 url형식에 맞게,615
616,나중에 url형식에 맞게,616
617,나중에 url형식에 맞게,617
618,나중에 url형식에 맞게,618
619,나중에 url형식에 맞게,619
620,나중에 url형식에 맞게,620
621,나중에 url형식에 맞게,621
622,나중에 url형식에 맞게,622
623,나중에 url형식에 맞게,623
624,나중에 url형식에 맞게,624
625,나중에 url형식에 맞게,625
626,나중에 url형식에 맞게,626
627,나중에 url형식에 맞게,627
628,나중에 url형식에 맞게,628
629,나중에 url형식에 맞게,629
630,나중에 url형식에 맞게,630
631,나중에 url형식에 맞게,631
632,나중에 url형식에 맞게,632
633,나중에 url형식에 맞게,633
634,나중에 url형식에 맞게,634
635,나중에 url형식에 맞게,635
636,나중에 url형식에 맞게,636
637,나중에 url형식에 맞게,637
638,나중에 url형식에 맞게,638
639,나중에 url형식에 맞게,639
640,나중에 url형식에 맞게,640
641,나중에 url형식에 맞게,641
642,나중에 url형식에 맞게,642
643,나중에 url형식에 맞게,643
644,나중에 url형식에 맞게,644
645,나중에 url형식에 맞게,645
646,나중에 url형식에 맞게,646
647,나중에 url형식에 맞게,647
648,나중에 url형식에 맞게,648
649,나중에 url형식에 맞게,649
650,나중에 url형식에 맞게,650
651,나중에 url형식에 맞게,651
652,나중에 url형식에 맞게,652
653,나중에 url형식에 맞게,653
654,나중에 url형식에 맞게,654
655,나중에 url형식에 맞게,655
656,나중에 url형식에 맞게,656
657,나중에 url형식에 맞게,657
658,나중에 url형식에 맞게,658
659,나중에 url형식에 맞게,659
660,나중에 url형식에 맞게,660
661,나중에 url형식에 맞게,661
662,나중에 url형식에 맞게,662
663,나중에 url형식에 맞게,663
664,나중에 url형식에 맞게,664
665,나중에 url형식에 맞게,665
666,나중에 url형식에 맞게,666
667,나중에 url형식에 맞게,667
668,나중에 url형식에 맞게,668
669,나중에 url형식에 맞게,669
670,나중에 url형식에 맞게,670
671,나중에 url형식에 맞게,671
672,나중에 url형식에 맞게,672
673,나중에 url형식에 맞게,673
674,나중에 url형식에 맞게,674
675,나중에 url형식에 맞게,675
676,나중에 url형식에 맞게,676
677,나중에 url형식에 맞게,677
678,나중에 url형식에 맞게,678
679,나중에 url형식에 맞게,679
680,나중에 url형식에 맞게,680
681,나중에 url형식에 맞게,681
682,나중에 url형식에 맞게,682
683,나중에 url형식에 맞게,683
684,나중에 url형식에 맞게,684
685,나중에 url형식에 맞게,685
686,나중에 url형식에 맞게,686
687,나중에 url형식에 맞게,687
688,나중에 url형식에 맞게,688
689,나중에 url형식에 맞게,689
690,나중에 url형식에 맞게,690
691,나중에 url형식에 맞게,691
692,나중에 url형식에 맞게,692
693,나중에 url형식에 맞게,693
694,나중에 url형식에 맞게,694
695,나중에 url형식에 맞게,695
696,나중에 url형식에 맞게,696
697,나중에 url형식에 맞게,697
698,나중에 url형식에 맞게,698
699,나중에 url형식에 맞게,699
700,나중에 url형식에 맞게,700
701,나중에 url형식에 맞게,701
702,나중에 url형식에 맞게,702
703,나중에 url형식에 맞게,703
704,나중에 url형식에 맞게,704
705,나중에 url형식에 맞게,705
706,나중에 url형식에 맞게,706
707,나중에 url형식에 맞게,707
708,나중에 url형식에 맞게,708
709,나중에 url형식에 맞게,709
710,나중에 url형식에 맞게,710
711,나중에 url형식에 맞게,711
712,나중에 url형식에 맞게,712
713,나중에 url형식에 맞게,713
714,나중에 url형식에 맞게,714
715,나중에 url형식에 맞게,715
716,나중에 url형식에 맞게,716
717,나중에 url형식에 맞게,717
718,나중에 url형식에 맞게,718
719,나중에 url형식에 맞게,719
720,나중에 url형식에 맞게,720
721,나중에 url형식에 맞게,721
722,나중에 url형식에 맞게,722
723,나중에 url형식에 맞게,723
724,나중에 url형식에 맞게,724
725,나중에 url형식에 맞게,725
726,나중에 url형식에 맞게,726
727,나중에 url형식에 맞게,727
728,나중에 url형식에 맞게,728
729,나중에 url형식에 맞게,729
730,나중에 url형식에 맞게,730
731,나중에 url형식에 맞게,731
732,나중에 url형식에 맞게,732
733,나중에 url형식에 맞게,733
734,나중에 url형식에 맞게,734
735,나중에 url형식에 맞게,735
736,나중에 url형식에 맞게,736
737,나중에 url형식에 맞게,737
738,나중에 url형식에 맞게,738
739,나중에 url형식에 맞게,739
740,나중에 url형식에 맞게,740
741,나중에 url형식에 맞게,741
742,나중에 url형식에 맞게,742
743,나중에 url형식에 맞게,743
744,나중에 url형식에 맞게,744
745,나중에 url형식에 맞게,745
746,나중에 url형식에 맞게,746
747,나중에 url형식에 맞게,747
748,나중에 url형식에 맞게,748
749,나중에 url형식에 맞게,749
750,나중에 url형식에 맞게,750
751,나중에 url형식에 맞게,751
752,나중에 url형식에 맞게,752
753,나중에 url형식에 맞게,753
754,나중에 url형식에 맞게,754
755,나중에 url형식에 맞게,755
756,나중에 url형식에 맞게,756
757,나중에 url형식에 맞게,757
758,나중에 url형식에 맞게,758
759,나중에 url형식에 맞게,759
760,나중에 url형식에 맞게,760
761,나중에 url형식에 맞게,761
762,나중에 url형식에 맞게,762
763,나중에 url형식에 맞게,763
764,나중에 url형식에 맞게,764
765,나중에 url형식에 맞게,765
766,나중에 url형식에 맞게,766
767,나중에 url형식에 맞게,767
768,나중에 url형식에 맞게,768
769,나중에 url형식에 맞게,769
770,나중에 url형식에 맞게,770
771,나중에 url형식에 맞게,771
772,나중에 url형식에 맞게,772
773,나중에 url형식에 맞게,773
774,나중에 url형식에 맞게,774
775,나중에 url형식에 맞게,775
776,나중에 url형식에 맞게,776
777,나중에 url형식에 맞게,777
778,나중에 url형식에 맞게,778
779,나중에 url형식에 맞게,779
780,나중에 url형식에 맞게,780
781,나중에 url형식에 맞게,781
782,나중에 url형식에 맞게,782
783,나중에 url형식에 맞게,783
784,나중에 url형식에 맞게,784
785,나중에 url형식에 맞게,785
786,나중에 url형식에 맞게,786
787,나중에 url형식에 맞게,787
788,나중에 url형식에 맞게,788
789,나중에 url형식에 맞게,789
790,나중에 url형식에 맞게,790
791,나중에 url형식에 맞게,791
792,나중에 url형식에 맞게,792
793,나중에 url형식에 맞게,793
794,나중에 url형식에 맞게,794
795,나중에 url형식에 맞게,795
796,나중에 url형식에 맞게,796
797,나중에 url형식에 맞게,797
798,나중에 url형식에 맞게,798
799,나중에 url형식에 맞게,799
800,나중에 url형식에 맞게,800
801,나중에 url형식에 맞게,801
802,나중에 url형식에 맞게,802
803,나중에 url형식에 맞게,803
804,나중에 url형식에 맞게,804
805,나중에 url형식에 맞게,805
806,나중에 url형식에 맞게,806
807,나중에 url형식에 맞게,807
808,나중에 url형식에 맞게,808
809,나중에 url형식에 맞게,809
810,나중에 url형식에 맞게,810
811,나중에 url형식에 맞게,811
812,나중에 url형식에 맞게,812
813,나중에 url형식에 맞게,813
814,나중에 url형식에 맞게,814
815,나중에 url형식에 맞게,815
816,나중에 url형식에 맞게,816
817,나중에 url형식에 맞게,817
818,나중에 url형식에 맞게,818
819,나중에 url형식에 맞게,819
820,나중에 url형식에 맞게,820
821,나중에 url형식에 맞게,821
822,나중에 url형식에 맞게,822
823,나중에 url형식에 맞게,823
824,나중에 url형식에 맞게,824
825,나중에 url형식에 맞게,825
826,나중에 url형식에 맞게,826
827,나중에 url형식에 맞게,827
828,나중에 url형식에 맞게,828
829,나중에 url형식에 맞게,829
830,나중에 url형식에 맞게,830
831,나중에 url형식에 맞게,831
832,나중에 url형식에 맞게,832
833,나중에 url형식에 맞게,833
834,나중에 url형식에 맞게,834
835,나중에 url형식에 맞게,835
836,나중에 url형식에 맞게,836
837,나중에 url형식에 맞게,837
838,나중에 url형식에 맞게,838
839,나중에 url형식에 맞게,839
840,나중에 url형식에 맞게,840
841,나중에 url형식에 맞게,841
842,나중에 url형식에 맞게,842
843,나중에 url형식에 맞게,843
844,나중에 url형식에 맞게,844
845,나중에 url형식에 맞게,845
846,나중에 url형식에 맞게,846
847,나중에 url형식에 맞게,847
848,나중에 url형식에 맞게,848
849,나중에 url형식에 맞게,849
850,나중에 url형식에 맞게,850
851,나중에 url형식에 맞게,851
852,나중에 url형식에 맞게,852
853,나중에 url형식에 맞게,853
854,나중에 url형식에 맞게,854
855,나중에 url형식에 맞게,855
856,나중에 url형식에 맞게,856
857,나중에 url형식에 맞게,857
858,나중에 url형식에 맞게,858
859,나중에 url형식에 맞게,859
860,나중에 url형식에 맞게,860
861,나중에 url형식에 맞게,861
862,나중에 url형식에 맞게,862
863,나중에 url형식에 맞게,863
864,나중에 url형식에 맞게,864
865,나중에 url형식에 맞게,865
866,나중에 url형식에 맞게,866
867,나중에 url형식에 맞게,867
868,나중에 url형식에 맞게,868
869,나중에 url형식에 맞게,869
870,나중에 url형식에 맞게,870
871,나중에 url형식에 맞게,871
872,나중에 url형식에 맞게,872
873,나중에 url형식에 맞게,873
874,나중에 url형식에 맞게,874
875,나중에 url형식에 맞게,875
876,나중에 url형식에 맞게,876
877,나중에 url형식에 맞게,877
878,나중에 url형식에 맞게,878
879,나중에 url형식에 맞게,879
880,나중에 url형식에 맞게,880
881,나중에 url형식에 맞게,881
882,나중에 url형식에 맞게,882
883,나중에 url형식에 맞게,883
884,나중에 url형식에 맞게,884
885,나중에 url형식에 맞게,885
886,나중에 url형식에 맞게,886
887,나중에 url형식에 맞게,887
888,나중에 url형식에 맞게,888
889,나중에 url형식에 맞게,889
890,나중에 url형식에 맞게,890
891,나중에 url형식에 맞게,891
892,나중에 url형식에 맞게,892
893,나중에 url형식에 맞게,893
894,나중에 url형식에 맞게,894
895,나중에 url형식에 맞게,895
896,나중에 url형식에 맞게,896
897,나중에 url형식에 맞게,897
898,나중에 url형식에 맞게,898
899,나중에 url형식에 맞게,899
900,나중에 url형식에 맞게,900
901,나중에 url형식에 맞게,901
902,나중에 url형식에 맞게,902
903,나중에 url형식에 맞게,903
904,나중에 url형식에 맞게,904
905,나중에 url형식에 맞게,905
906,나중에 url형식에 맞게,906
907,나중에 url형식에 맞게,907
908,나중에 url형식에 맞게,908
909,나중에 url형식에 맞게,909
910,나중에 url형식에 맞게,910
911,나중에 url형식에 맞게,911
912,나중에 url형식에 맞게,912
913,나중에 url형식에 맞게,913
914,나중에 url형식에 맞게,914
915,나중에 url형식에 맞게,915
916,나중에 url형식에 맞게,916
917,나중에 url형식에 맞게,917
918,나중에 url형식에 맞게,918
919,나중에 url형식에 맞게,919
920,나중에 url형식에 맞게,920
921,나중에 url형식에 맞게,921
922,나중에 url형식에 맞게,922
923,나중에 url형식에 맞게,923
924,나중에 url형식에 맞게,924
925,나중에 url형식에 맞게,925
926,나중에 url형식에 맞게,926
927,나중에 url형식에 맞게,927
928,나중에 url형식에 맞게,928
929,나중에 url형식에 맞게,929
930,나중에 url형식에 맞게,930
931,나중에 url형식에 맞게,931
932,나중에 url형식에 맞게,932
933,나중에 url형식에 맞게,933
934,나중에 url형식에 맞게,934
935,나중에 url형식에 맞게,935
936,나중에 url형식에 맞게,936
937,나중에 url형식에 맞게,937
938,나중에 url형식에 맞게,938
939,나중에 url형식에 맞게,939
940,나중에 url형식에 맞게,940
941,나중에 url형식에 맞게,941
942,나중에 url형식에 맞게,942
943,나중에 url형식에 맞게,943
944,나중에 url형식에 맞게,944
945,나중에 url형식에 맞게,945
946,나중에 url형식에 맞게,946
947,나중에 url형식에 맞게,947
948,나중에 url형식에 맞게,948
949,나중에 url형식에 맞게,949
950,나중에 url형식에 맞게,950
951,나중에 url형식에 맞게,951
952,나중에 url형식에 맞게,952
953,나중에 url형식에 맞게,953
954,나중에 url형식에 맞게,954
955,나중에 url형식에 맞게,955
956,나중에 url형식에 맞게,956
957,나중에 url형식에 맞게,957
958,나중에 url형식에 맞게,958
959,나중에 url형식에 맞게,959
960,나중에 url형식에 맞게,960
961,나중에 url형식에 맞게,961
962,나중에 url형식에 맞게,962
963,나중에 url형식에 맞게,963
964,나중에 url형식에 맞게,964
965,나중에 url형식에 맞게,965
966,나중에 url형식에 맞게,966
967,나중에 url형식에 맞게,967
968,나중에 url형식에 맞게,968
969,나중에 url형식에 맞게,969
970,나중에 url형식에 맞게,970
971,나중에 url형식에 맞게,971
972,나중에 url형식에 맞게,972
973,나중에 url형식에 맞게,973
974,나중에 url형식에 맞게,974
975,나중에 url형식에 맞게,975
976,나중에 url형식에 맞게,976
977,나중에 url형식에 맞게,977
978,나중에 url형식에 맞게,978
979,나중에 url형식에 맞게,979
980,나중에 url형식에 맞게,980
981,나중에 url형식에 맞게,981
982,나중에 url형식에 맞게,982
983,나중에 url형식에 맞게,983
984,나중에 url형식에 맞게,984
985,나중에 url형식에 맞게,985
986,나중에 url형식에 맞게,986
987,나중에 url형식에 맞게,987
988,나중에 url형식에 맞게,988
989,나중에 url형식에 맞게,989
990,나중에 url형식에 맞게,990
991,나중에 url형식에 맞게,991
992,나중에 url형식에 맞게,992
993,나중에 url형식에 맞게,993
994,나중에 url형식에 맞게,994
995,나중에 url형식에 맞게,995
996,나중에 url형식에 맞게,996
997,나중에 url형식에 맞게,997
998,나중에 url형식에 맞게,998
999,나중에 url형식에 맞게,999
1000,나중에 url형식에 맞게,1000
